order_id,client_id,order_datetime,order_fuel_volume,order_fuel_price_1liter,candidate_count,nearest_positive_order_id,nearest_time_delta_minutes,nearest_positive_volume,nearest_positive_price
b901cd1a6fe6e04ddbf5f6b1ff695aa3,8941322495379b48158e4ee4358a6939,2026-03-20 01:51:30.823,-20.79,65.9,0,,,,
771306d1541e8098bd4af334d6317034,3a452b70d0afff51f19852b060263e8e,2026-03-20 12:57:24.361,-46.68,68.29,0,,,,
d528e191c33733cf68fd4b251e5793c2,f42751c824aebd01ce4a5b8d10fe690f,2026-03-20 13:40:36.656,-46.89,65.4,0,,,,
f1ba106b193bb91752c0325e2587f1bb,67c30b343a0bd58c4e3b6365cadb5da4,2026-03-20 14:57:04.787,-40.62,69.48,0,,,,
17070a7586577f5c446715f3850240c7,fb40d6fdb3b94e21a8ddd055805d5469,2026-03-20 15:35:56.140,-85.11,32.99,0,,,,
e168172640858ac5c9dc2ccd95cbb626,d888e5f594e5456237e438fed1c0fea1,2026-03-20 16:23:02.947,-42.69,66.14,0,,,,
0cacae3eb4bbb84e0263be5c0b3ecc17,7060783356d7522d3ef2f469ad6f1234,2026-03-20 16:35:29.765,-35.62,71.22,0,,,,
d5a7f96046f144924e1d46d32b73665a,2393cd99470f21aa0988fc5746945c8a,2026-03-20 16:53:13.659,-44.52,69.44,0,,,,
b9b9ce279690983f70f2ed89e0d657ae,3797fab3046958a7f52a5bc44629d8f3,2026-03-20 17:00:27.919,-23.78,65.4,0,,,,
bcfa75b39755108201a88377037f8f06,58ff60bb370bdde0a656f3d49b2cd229,2026-03-20 20:07:03.645,-48.72,69.6,0,1daa6650f88f65f029812daa966c1cef,239.39988333333335,30.22,64.09
adc7edf8a7b20d9fdb2bed48dc60f6d8,0d518763a74d5bfeb745f25641af7d32,2026-03-20 22:11:48.835,-16.87,62.18,0,,,,
e567c329a45e870e8f6b395b9c5fb0a3,a07a4921ef4908f670e5f3059ca2289d,2026-03-20 22:54:14.049,-48.62,59.77,0,,,,
7ae472400439da33fa64ecfa1360305d,4316607e546f1d32689c99e093e24455,2026-03-21 06:07:01.953,-48.03,66.01,0,,,,
0fe12b57525768655bd6c5d06238f5c3,b85afc34cb571a5dd29520bedc9b6806,2026-03-21 10:26:51.930,-27.36,68.97,0,,,,
9149b72367739db02ef6f29f4d867ae4,89794c2e2b5590ed9ebadb022e00378c,2026-03-21 10:56:53.193,-45.62,67.32,0,,,,
4bd1fa1b408fcfdb13ecbc5070cf81f3,b8dbe85bf6d0d33a52bf1b8d44b69f47,2026-03-21 11:04:17.371,-35.62,62.12,0,78a611013fcaf2f5d44eddc67ac338a2,352.25478333333336,53.2,64.99
8b07428f93066f15877f37d8f6aae4b0,8fdb7069905dfca5e4cad12d32a2209c,2026-03-21 12:22:10.775,-38.62,61.45,0,,,,
3d45866afa9fdd7506e1726d1d7aa8f2,d2b73955e7502ea8fe3d550ce42fbb0e,2026-03-21 12:59:56.807,-62.62,70.89,0,,,,
18e751351d5d68881a1583353995cb3c,1341806b6a5fdda369a0981a167efb8d,2026-03-21 13:24:28.058,-54.66,68.39,0,,,,
02d48bd340a6ce6c8d720a0e927ca74b,78dac9d02f77336b3fac25109ebdb72f,2026-03-21 13:48:57.413,-34.45,69.37,0,be21f47fb3278586e220394befa2ec75,1.0382333333333333,7.62,339.0
1008b994183e58ba9142bfca34b6e699,257abee5c23f0c0c0b4dc5cd9e1db185,2026-03-21 14:55:26.048,-42.55,67.69,0,,,,
2ca97ed1c4c5389ec14cbdd40eef917a,8ba73516452d41555c3bb89761e7b417,2026-03-21 17:29:46.348,-37.29,69.77,0,,,,
61e4ca3c52a166e2658b2c5fab990c01,112e7aa385298b2691fc3d1ade5371e0,2026-03-21 17:35:08.548,-26.02,60.49,0,,,,
05c5856349f19d28d5db552ea4c4fb8d,a9cc7279175070c5a17f052b8879b049,2026-03-21 18:43:52.481,-41.9,68.89,0,,,,
6306f210acc589d7212021e8c9ed75dd,dca1d51902b26304b470c92bf792a708,2026-03-21 19:47:19.444,-59.04,67.39,0,,,,
f44fbb57b01723a4497c29e7d64f5504,4acd60d921a944ccca6547abbc968b32,2026-03-21 20:43:45.754,-55.62,68.54,0,,,,
c50549848e30d369f29366f0f5bf681d,e3eb94eadcebb54c04ade777333d6f8b,2026-03-22 08:19:01.240,-13.17,66.16,0,,,,
6c91abf2a48cd0b0f9b31d9dd43af330,468950c1de38f716994202b52f3c740e,2026-03-22 11:27:39.339,-40.62,66.4,0,78e0df9f7fb1074ee79a856ac75da296,2490.4445666666666,24.91,64.2
b45c6025cbc1704a0d3eb5c158626cdd,7b0bbbdd975e2a649c76f891efcf7af4,2026-03-22 12:58:42.255,-34.04,70.35,0,,,,
4253dd8936b53821c6cd257003115442,29a3ede184c848e9a58c259e8628b499,2026-03-22 14:23:14.477,-35.62,66.0,0,,,,
ba71b39a04afdd87abdc43b565389a1b,b56475381e32c4e00efe0218c42655cd,2026-03-22 16:11:12.759,-27.89,67.44,0,,,,
18a7a6fe57124e0060d99d2db74ce19a,65b12198452c172b6d56c6dba7301e3d,2026-03-22 16:41:28.105,-58.85,68.83,0,,,,
0819668f690615fe4cbc0220456b9915,4b3e5d11a2f320b560c514b02f0ac36b,2026-03-22 18:48:18.264,-22.16,31.95,0,0bbcee7d9929de6efe1f29fa84150eab,1304.2585833333333,20.54,33.5
ecf7a95a6277833a44772fe69bebe775,53643c8fc665da05b7e5b1b7b8916633,2026-03-22 19:10:34.163,-42.81,67.21,0,,,,
e5f2e2cdc75697c59be6d0d672944adf,61b6ede865255c69f602cab9a2a2fc91,2026-03-22 19:28:43.485,-42.78,64.99,0,,,,
bdc8f66fe3de1085c36bf2601b439355,15bfe80cc987df3d590c892133e75271,2026-03-23 08:50:30.716,-40.59,68.49,0,,,,
bd881832db850c448e51f839510b750a,4f91f22fe0a87379789e8434d0844c5d,2026-03-23 10:36:59.969,-51.89,69.2,0,,,,
b0f361316518e3a1e6ccc2a277e10146,8e8b89157848303799cb02ab724055fe,2026-03-23 15:27:49.039,-28.38,65.89,0,,,,
e4ff1c6369327afefa1597cf4d296701,5916e483f920ca3e3365c8d34afc06e2,2026-03-23 18:03:45.164,-45.65,60.45,0,fea4e7c4253ca7e73fe815e1ba16e3dd,4863.687166666667,40.98,60.45
5e255b5f845e343c188e798cebc704dd,d4e9ecfbb8621422a0face2ac591c82d,2026-03-23 18:48:07.001,-55.62,67.59,0,,,,
4a89c55c1973e895fd3afa0adbf4328e,4f0e56c774ac631395d4c4aebcd8d9a2,2026-03-24 09:55:52.654,-35.62,65.63,0,,,,
9f2725f9add012eaa2f52479595047e2,34431e7e8222628546758a076b77cbe2,2026-03-24 11:38:34.415,-44.63,69.2,0,,,,
8b3296870c0438e602aecf6845de2b08,6f845d708d3576bb6f12438c2cd77281,2026-03-24 16:31:19.707,-30.38,69.42,0,1630f47e1572add18da2c6b904a9bbd3,171.5916,68.07,69.52
254e9674db7ea5818e7d568d69385c99,19e80520b8dbcc704d6e431824118109,2026-03-24 17:39:53.859,-32.26,71.91,0,95f5b5a81840a45f170c6480f8ef7b32,2915.7748500000002,33.2,72.5
8a8a67b4b604fed4ec7237536d30c7a1,d7ad6eeff4fc3d6af638b09165d00f72,2026-03-24 19:21:37.431,-33.65,69.29,0,65dd9dfa16af771d3a42d71afd405aca,4430.11285,42.56,67.99
a415c0aed6fa9c78a66292f17074598d,ff47ddef8cb54d357d3334750ebaad92,2026-03-24 23:45:24.379,-29.62,62.49,0,fa09fb9e303c284d24c5fc8d36cd3659,783.2495333333334,16.82,62.49
e79c8f01840ba583584fd04d5f27b63e,0591feaf892ee6b3237f00135e958c7e,2026-03-25 08:27:12.679,-28.76,64.8,0,6249887edc361532435e3fa456e2b204,1557.8842166666666,44.2,64.8
e9cae483201fd635a8cb4e4ccff7fc22,3357d609688e307aa5ea7712cdc863c6,2026-03-25 13:26:00.888,-36.01,65.82,0,8f6230a28cfe0ed57089d144e8885c68,3234.7088166666667,36.01,65.82
fb4deb15b57e933c9b07d2a8f3f85d3d,69645bdce774a662855cd926ce33c1ae,2026-03-25 13:41:36.491,-50.62,68.81,0,,,,
c8ae577cb3cef492ef24bd6a458370bf,197af6b07533ee41731fee4aa8e61933,2026-03-25 18:25:37.951,-45.62,71.96,0,,,,
c435a6c722d4f6212419abb572328f5e,e0f105066a0c51eb2955c738cd5e02ef,2026-03-25 20:53:29.791,-27.37,59.77,0,08853d2441401980c21bbe541dece3d4,4749.947533333334,20.67,59.77
23f2a8031d0315df067f0596ad72cbab,b8a60b1e7529e8d3dd2a38663c684606,2026-03-26 08:34:54.073,-17.62,69.08,0,0ed7076a0543740a743ab5eb2a5b56e6,3671.2514,16.62,69.29
16c99d0dfc2716772119cad1a322fd22,58b5fb564f29c5ff6a927ca0a8979e48,2026-03-26 08:44:13.127,-29.36,63.18,0,,,,
1b66b9a2e0acfd111ababe668084672d,cde1364dd3d613f62ec9d9c2cd685a4d,2026-03-26 14:08:43.761,-47.3,62.29,0,8a8a2f552630559ef637fcef7bc2628b,2914.6794833333333,46.75,61.79
1ca0a9249185265c80234c6bcd80cd13,7b98219f7d9a5cb4a27b827a282038e5,2026-03-26 20:07:12.040,-37.9,61.95,0,ff7415768afa23115b6cb9398d4b87a1,2769.34135,20.55,66.95
fd629a84a73b8a1b697eb71cf8ec4eda,fe509975e5f67f79f2dcf3967afd569d,2026-03-27 06:42:31.237,-29.23,63.53,0,2e4811a6c995d706fb110ced4ab275a3,9423.564316666667,29.23,63.53
b8f2983af16bd0f5891b66af11a41e87,c2dec9df2e4b3e89882ba522118c6675,2026-03-27 06:46:19.311,-40.69,68.66,0,,,,
57d949dd339f1a6f667f96b830087529,10531c539c43fc3c1961b4fdb1c85d85,2026-03-27 10:37:06.024,-43.31,68.86,0,18d98f0ace78cf90a70c6be2e9acf314,5667.217583333333,39.85,68.86
419490d3149e5d4fea4bc603277a3557,c24664794f51dba08ff04c2568ee45b7,2026-03-27 10:40:23.299,-50.62,71.91,0,,,,
15e91021f26b709323bc2e5db1159a90,76cde9b60e477b626eaa9b264f1548a2,2026-03-27 11:35:35.491,-29.94,60.42,0,6404b1f2c4baaf2cb52d89aa046514fa,2712.6401833333334,35.2,67.6
5dc6b55bbb47d9ae1f4d62892ed067f5,d3014c3b9f16963e09d7d55aa3c7a225,2026-03-27 14:20:43.704,-40.62,67.95,0,,,,
c036d39aabe3fa41687405921a20008c,cc75b3f4d14bb8d53da7b82736298538,2026-03-27 16:46:24.890,-27.07,69.91,0,,,,
d0e083a8b5831550dbc2335450f419d2,8c826f79034f2ea22a37e9f707b5c42b,2026-03-27 19:20:32.788,-37.42,62.88,0,,,,
8d7472021dbbe880bf31bfb8b6e656a5,dd1f390b4e3dac0e462b3e782d50f4aa,2026-03-27 19:33:34.452,-20.02,69.44,0,,,,
deb944559e29d77b17a14d287ed36894,66ef38943393ae6e7f91367a29914ca1,2026-03-28 00:44:41.408,-35.62,71.43,0,586bfc3af741507f40027e4997753c23,3720.2951000000003,25.62,71.96
4dcbde7aed10af095301b8816cf5f200,7c1d0dab4e7278b6d697837bdc0b6a6b,2026-03-28 09:12:46.898,-21.54,62.86,0,f5ffad1fec68857246c8749341ae2480,2964.4502500000003,21.55,62.81
b35aa46b433e9caa15127d92ee9cc69b,d84ebfba2176f77904a602a89eb18a0f,2026-03-28 09:29:14.182,-35.29,72.5,0,1cff93e2c85266b4a89f80b8fe3aa62b,9639.3681,40.88,72.4
669dd7eeb33fa845ceedd3b24481ba6a,1882f9040a3291535011225d6f6c071a,2026-03-28 09:52:37.736,-26.88,70.49,0,e82b08c1280f199c24d90dd948f8a386,5317.5786,20.21,68.49
3a5004d92a3b6097006845531202d461,1e26794041d6ef9f07305ba875985155,2026-03-28 10:41:58.101,-40.58,70.34,0,b03b3f5c7be9c0f49ab7361c85450a4a,10112.987583333334,43.93,70.85
ebd75690ef2019481ecbee89f9e25c38,768f9680432b358afe105638243d9c3d,2026-03-28 11:24:44.404,-49.67,68.09,0,,,,
1ae315638b35022b3331406b7b766147,573145a6a8358197e64e6e610d2d7215,2026-03-28 12:18:22.945,-40.62,67.79,0,,,,
32eb6322be9fe7bcff8827d20043ad11,fa4b6a78087fb755081ecb7e0bb9c460,2026-03-28 13:46:11.675,-42.89,68.73,0,15067a90ed810b0d54f40a8adffee0d0,11075.266966666668,44.21,68.89
05a49e1ccd80dc7203c1ba376628b024,bd76e844b47288942e8f08f116aa167f,2026-03-28 14:22:07.593,-21.7,58.95,0,,,,
44ea78845521a827a955a14dd30eb655,b24f8f00c7b60297038c2fba80fc4df9,2026-03-28 16:44:55.947,-28.62,70.39,0,,,,
87d9773a29388f4f281be3a8f59dab4f,1aa13e027e11089e4d464a13b76e6b34,2026-03-28 19:59:41.002,-25.21,68.88,0,,,,
9957f59601059847556d54e040ee95d1,dd37b74cc378f39719dd05175464dbe4,2026-03-28 21:34:23.490,-28.96,68.53,0,b5efa62d61f7579179530ac307a3c77a,8792.7206,19.1,66.73
aa1a41d800d86366fe1a8a4fc8c7bb12,9ecf792973dc19fcf7335a60dd403ee4,2026-03-28 23:32:43.917,-34.08,69.58,0,0acbd5a155ee2149788037accba4e373,11922.4707,33.09,69.93
2cd4cf00af89c5055e30c070883ad7b3,523b3d8b389dc34848b7e9ee37ed4841,2026-03-28 23:34:50.967,-49.69,68.06,0,,,,
878643fc8415ec47759edec4dea8677b,7a207c1e137725e7b7ae83ac88d18a6b,2026-03-29 12:27:17.482,-10.47,61.75,0,c19e17d50dce1611800896dde9a2ff2e,1685.50995,12.09,61.75
ee7c78bc4c637557ac347f46068cb798,deb889134e1a97d420f65cc002f7ed4e,2026-03-29 12:42:59.942,-27.38,68.93,0,a421855026845344255abc9fc4139551,991.2850666666667,19.86,70.19
ed0869b447256ec70706edee914dab4a,7e22bf1dcc2653b001f5fa4322247224,2026-03-29 13:08:24.271,-43.37,71.52,0,6abbbc4951c8faf6217688df9feb0974,9016.627083333333,43.47,71.32
3a2c6445354abd0337c0c8bfa2c75bb8,03980402b9e29ad7560d2554a379e33a,2026-03-29 18:34:37.252,-54.87,68.47,0,,,,
49989f84c24dd129278e1a6be1d19b02,c437e9f8bf892323ce793f6a8eeaf5ac,2026-03-29 20:28:03.311,-40.62,61.49,0,3ae80da0d0018bad68282175448dcd0e,13343.587800000001,40.62,61.19
d59f69e1c0e7d0e8a4f3bc47bee2b319,233da1e2ccfbb889fc314fab384b023f,2026-03-30 02:09:29.445,-29.22,63.72,0,08ca0a38ec01826ee1cefe96a6352f14,10699.346450000001,29.14,63.93
c4e92d84a0ff58c8b97baca688e7640e,9ddbbd816e89f3531c2436b43a785f7a,2026-03-30 04:17:12.893,-15.62,65.09,0,5bf00ea5a182d414ad940bb11450a159,7200.0613,30.62,65.74
742828d9ec4b3fedb14b845b8bca78b7,d20c9cd0102fbdc953f43a00499f8e2f,2026-03-30 08:00:47.447,-45.62,68.91,0,32080dc71eba7c449f3ef98e7f1bd28c,12727.537333333334,26.47,71.94
bd5afaa07cea6d16e5e8e5c2c13c2d7c,252b431e329d4459397890ad8289aa12,2026-03-30 08:23:16.482,-40.73,56.95,0,c64b3b8da0f34971c88fa5d89ae05e92,10072.846333333333,40.73,56.95
9e0e3d615b26bfe3877c6ac4efdf6f67,079149b7cecc75e315f304ddb81f615e,2026-03-30 10:07:22.081,-65.62,69.19,0,,,,
0bd5237dde5cf9b61199c842792c5e80,e463400dc947a1205beb423c4ebe2378,2026-03-30 10:45:57.527,-70.62,66.6,0,6d6b104a3d379b55218679ca598bfb8a,5476.630950000001,13.58,62.75
5cfec4183cecc5d09967ca8018242345,ce8a1da12a3241180c6592648f6acd8d,2026-03-30 11:26:10.548,-63.35,69.28,0,,,,
09f10bb81b9140df91900e37bcb5f271,136ae368884bb65a04cd74f6e645abf2,2026-03-30 14:29:48.188,-16.11,66.7,0,,,,
2d0bf2f4c0dbe2fe7e7d9a51c7959c38,74cc2b7fb28da5dd46a84e2118f73fc9,2026-03-30 15:36:31.288,-20.46,67.5,0,c0af1f52705693810c576074eea8e398,423.26869999999997,13.05,67.5
60278ef7742443f390c403efb47b4d37,51623af74d0203494f7a34890ed0c7b7,2026-03-30 15:46:30.773,-22.39,59.6,0,,,,
84929abb672f319e1b6eacef67460aa6,523772c92e9743c37bb2c8ba11f2c80d,2026-03-30 17:22:41.938,-34.66,68.86,0,7e89795b89360122489a78f72c4f92a8,4155.18145,34.71,68.75
26bdd9c9931691cf138e4b0db7942868,9f4d353a16f531e2d178d1416ba789db,2026-03-30 18:35:41.128,-60.62,70.05,0,a453f5216600fd20fe45a69f4f331bea,15013.840916666666,48.03,67.96
f1cf5cd9cd20f6dadadb2e7feaa7fb9f,c55dfe28f41af6070276b56dd3c3eb35,2026-03-30 20:51:47.645,-44.23,68.98,0,84ad70be466a3030424a57daeec13a18,1957.1096666666667,56.5,68.98
698bc063f80d2a6d1437f43eefda1564,ef9868685fad464771da900b4e432a78,2026-03-31 01:21:20.962,-59.48,60.96,0,0db986d8fb14b9be905dd1eec80e1c26,8196.60215,65.62,61.01
8641bf6bb911648ecaefd1c39c72ebb9,4158f9260be532e0f61fcceb2ef3a1d0,2026-03-31 05:18:16.966,-45.62,58.8,0,026d2c7d8a622e26a2c5ab4c2219b7eb,7193.6924,45.62,58.7
ca8e604a260076ed492683ed3910ddc6,7b1e99538b243d1ef50f2826bc127330,2026-03-31 07:58:27.114,-47.58,71.48,0,,,,
f3a1128de4ea35c57805d20a753908b8,567b9156ad40aeced9764b27dae3ce86,2026-03-31 10:17:21.952,-27.64,31.99,0,29aa0ec67c0175bcc175468a00f90fc4,4870.213533333333,96.38,32.49
2b35a6de6b61df92e32e20161ca435e0,d06e7382f85e73e456e9762ebc18a45e,2026-03-31 11:54:07.131,-55.62,67.09,0,,,,
40bf4d9a37d1e0123fe5fb9c3c6919dc,16f90d188216f78b70da443eb51bf600,2026-03-31 18:24:37.973,-55.62,70.03,0,,,,
f9472e815961e6ca03315a59fa7f7c81,db4868b9809491d746290584baf1ae56,2026-03-31 18:49:56.330,-51.68,69.09,0,a7509106e8934386bcc1d852cd6d7121,11525.530016666666,52.11,68.89
10e889cb78d27470b1fb02877c5472cf,d32edac2e669abce91a3d06fb2277ac0,2026-03-31 21:42:24.625,-17.08,61.07,0,8e91184f722e0e14fea88b8b273918e0,603.5819833333334,16.33,70.0
ae3dc874b6ada9cd82f1f83523728aa2,2b7fe8535772c01599a5b0fc3f26812c,2026-04-01 06:57:25.445,-55.62,68.91,0,349fd1a10634587dc80e039bad87c744,7213.113583333334,35.62,68.96
1e62beba9b650e926e34479a1fb943b4,f8b0d5cbb77dff883021c0d8ac79c1bd,2026-04-01 09:06:50.919,-30.23,60.95,0,,,,
4cdc6db214faf309d1601f78920d4b02,fb32ea71761ff5f2d1397d25874e2456,2026-04-01 14:08:31.360,-41.34,65.4,0,,,,
44a0990c465a9110bf01a2ab2d7dbfad,b6c90ffa45b821d34388d421d49b4661,2026-04-01 18:28:41.050,-23.57,49.7,0,0039b689dca4e5022c3dca6851a9cece,8912.70875,23.01,54.7
49d3ba232150223e13ecfa9212a53673,89e4455fd90cd9af8d771e6ad4827631,2026-04-01 18:31:52.361,-47.41,66.2,0,8f1f3d9356d922973d5676e1d80777ce,7182.700083333333,61.8,74.42
e5310018cb759365a06802d0d91c83e7,ea63e9f8f795a898bb6e21bf61ceda08,2026-04-01 20:58:30.932,-41.62,69.18,0,ab313923c1de866661edf309b5e516ba,5970.2283333333335,45.62,68.27
248dd5d4faa77dc0300728b21fae72a1,3171c7012052cb03cc872eaa06f2e2b1,2026-04-01 21:44:28.217,-42.56,72.87,0,f8e66787fe34376e662b0a624214d631,13644.27635,45.62,72.97
fae2a363016750457e970c90f6511c83,2fcc56a084523efc846755aba08c2009,2026-04-02 00:18:09.645,-44.32,59.55,0,575e08d3398041c22f338407cfb38ba0,11997.609466666667,44.78,58.85
0e00ccbb344f8fe861128b235ccb22de,5b2320b8d0ae85fc66492dfaa87db330,2026-04-02 02:19:20.075,-44.99,63.5,0,5dcd0acdfa14da6e7f6a24e14cbe6622,1765.4670333333333,28.97,64.23
d498b760955434cb68a62a7a55fcbdb3,982a6a7c06737f0fecf96f5f3da5ceea,2026-04-02 04:59:54.610,-20.48,67.26,0,986453561af436a04a3d99e547d66358,15768.02035,20.48,67.26
a1804643a7290a7f54679fa29ace3c0b,38aabcc56d9d675b99303acc6ba7c632,2026-04-02 07:24:35.494,-50.62,66.01,0,be9a5d76b3d1742449b94b3be4170fb0,1500.9223166666668,29.21,67.81
160905e28fee4cf71d406e0358476a3d,20250d0504b8c22d2bbc5fe83bd72355,2026-04-02 11:12:12.139,-20.65,66.5,0,,,,
ae2fc770dcce1ed3505df9e562aef206,2edb07d0d15432aae8e484607c259b99,2026-04-02 15:29:35.686,-37.62,62.66,0,ebb513dfa2297e9207a7c5b7303b593d,15954.586016666666,40.62,61.76
5c6a5ef62ee2ab2ee6b7ae28318c7ba4,dab2103a09db650e51ffd1bd166a2918,2026-04-02 16:16:04.484,-39.16,67.56,0,aca183d2fe5caa47b70ac4a56d0d3a2e,5985.980633333334,20.8,65.86
40952013428da612d3fd8fa35d4e6f1a,aaba23969b1c3ea84f45c808e76ab1ca,2026-04-02 20:09:37.375,-48.49,68.88,0,b7576ffc6ef7f8b214493cb65d3fcc89,7607.003733333333,46.55,68.59
304c736a8abd1a8b80bad3eb410229d1,e0d90d60befd5e5a358fbbd2c13fdb7a,2026-04-02 21:20:59.317,-29.75,66.3,0,8f4ba5a00c82241e6dae5ce8d5e89649,6075.4413,43.54,66.25
1d43d3811419ba0174326aece084c555,23a0ef063d689eee53bf6bb6f6e77785,2026-04-03 00:54:35.301,-48.26,70.34,0,,,,
65eb4328b66c84e26739b49025d5eb6d,92cb96f493b2a7104464f654db73604d,2026-04-03 03:44:06.436,-35.62,65.46,0,65e4f1ff8204958c67745ecde5b6d3a2,19683.864500000003,40.33,66.01
c801a7dfc9ee68401ba9c70a4e7867de,23720577d0c4ff4be856f7d24c982f85,2026-04-03 04:51:40.268,-50.62,65.84,0,,,,
d6cb4745fc6570a7e948a8f5f59ee2ea,13ea6b02773a4583f0c19c759adfca4e,2026-04-03 05:43:27.800,-32.57,70.49,0,5060921706086ed956630cbce14eb7af,6176.763000000001,37.31,72.56
19a4d5551a458e92a5e89fe40619e41c,7f8545c1224d0ae03ed607b42db4cde5,2026-04-03 08:01:57.268,-35.62,66.48,0,bba16094a84d6b6e23a94a4fd23cb08e,2910.237383333333,50.62,68.28
24d7cf4fbb76fc28a541fe96295ac894,a60856aa5e079b18bd40d6fedb7b840a,2026-04-03 08:05:38.420,-56.5,26.49,0,b7571b6f683a34a3df2603ac02d23c90,13735.427366666667,30.5,60.67
f6d9983a8afb423fdbf8cbc6c5e48b16,5107e5fef05cb6605a5e3df27e613b15,2026-04-03 09:05:02.125,-26.8,70.81,0,98a3973abd640ba513b9dcd2bb79dcab,2195.4202666666665,22.7,69.06
87d6c242170989bc39b374d4fae9072a,6761e0dcdc3122a5fea85bb8cade1348,2026-04-03 15:59:38.323,-20.47,67.31,0,,,,
0842789314d22ece1bd7fb3368d87740,aed4dce1771ebe275617f74ca2dbf80a,2026-04-03 17:46:47.948,-26.69,70.09,0,,,,
e02c83ca2e12089720dbefaff980a8a7,b63f83ed8e1a26576306c3580617c037,2026-04-03 18:49:26.150,-90.53,71.83,0,,,,
ea76a55059635fa93893645dced97863,e7976d0ba129d5bb0a4ad66503f7f4d5,2026-04-03 19:41:08.379,-50.62,65.7,0,,,,
febc8507aca8354545da030999c017b0,0d23cfe3818ccf211f0f659e90efaafa,2026-04-03 23:37:38.684,-32.38,70.07,0,,,,
ba750e8519d4d52352dc61f1d63d7ee2,075dce6bfb3033b6b84cfee8ef4cf6fe,2026-04-04 08:02:31.950,-45.62,72.39,0,1dbb0bd17d82fafc8fc76b91bb9349ee,4343.538533333333,50.62,72.39
e890fbcc61347df74ce1d813035a7b5b,54ee85486d0accd825af603c8dce7d6e,2026-04-04 11:07:04.968,-45.62,69.91,0,de158d65bdbe5e848b8b270e840e5f61,2286.1934833333335,21.06,70.21
ab8ee0f1bbfcbb33b671a3e8f5b2261c,4f0132cbf373c31bb91eadff5e1fe76e,2026-04-04 11:20:28.596,-26.34,72.39,0,,,,
c823c7a728b81f8d76500201fd1b055b,0fb783aa1787fc3b0fcbd74a515f0e95,2026-04-04 12:01:00.599,-45.62,66.27,0,9a0cabeba6a1d16d49de023fe7f9c1fd,10101.132533333333,55.62,66.2
a7f22d3b4387cdbe72077c0cf4108dc4,d1c5f8478930b9e251e010ecb9ee3838,2026-04-04 14:03:12.815,-27.66,70.06,0,1c8bc9f62f86a7d5da2d45b421f34bc6,10284.602933333334,20.11,69.89
5c9640f269b223586e9ce6fff7c8a432,f12e2703d5f8422e1c655c5b47fdefee,2026-04-04 14:33:35.871,-45.62,69.28,0,79d21fec6642111f0158a99296417c5e,13285.20145,43.47,69.13
49bb0c2e8697f1e42ba18a1502ec190d,30426f2500b894687a0f9c1c2c4c4b85,2026-04-04 16:22:13.502,-35.47,66.99,0,6db624fb8f6d10d7cf904ef73312a9c0,5485.373949999999,35.69,66.5
9468bfe2f8226d1ae3a120fd77ffae62,7b8259fd2c6898dfc39ad0bfae014220,2026-04-04 16:24:50.637,-36.31,70.38,0,0a7e14d458409ee6ab2ed0a09337981c,196.85185,59.82,71.8
6a0ce9e3cc4a30aa6fd483b9cb060c3f,25a29b8e9b64c439bcdf40baec797378,2026-04-04 17:00:40.244,-34.76,61.75,0,9d3b7ff9c7c6c9d25f69dab6272b8ac3,11380.77515,31.96,61.4
3b7ee3993dd8e3aed1f6762f9d2c1c11,e49035d5aa8366496c538fea362404a4,2026-04-04 18:18:14.018,-15.89,64.79,0,643c4cd383b1fb2fc9de978b88212826,10178.755966666668,26.32,64.39
ad8bd39fd3b955ac769cba41be8b315c,0287516d59e1751f838d111da535dffe,2026-04-04 19:30:45.239,-24.71,62.85,0,34887c9cd02bb733e002c5390a5cc7af,519.07565,21.26,63.93
ee7746d53c84e463ac45b764090b4fe6,5815e3869affec7ddff7824adad38123,2026-04-04 20:50:46.025,-41.64,69.39,0,9472ec2869b8f0751ea843954b8e8923,2101.6686,33.79,70.99
6828308ba6110e3b7877cdd1d6e8bdbc,de17e5ce3dc76d5ceac236585f1416c6,2026-04-05 00:31:58.784,-45.62,68.98,0,45eee78564f1c0fa088961af825367fb,341.2830666666667,34.94,67.94
7db1b23072db90c468e741450e8f76cb,e67f616fc376c1b406d1c396004b37b0,2026-04-05 09:41:53.438,-40.62,65.92,0,2e14cc93d520b14aaf677f307f2e232b,2600.72165,50.62,67.72
9f69eec9c39d09246e5187e40f6c5853,70f67157b600628f9ccbd33211bfd21d,2026-04-05 10:37:56.377,-43.15,65.27,0,,,,
857d281ff5ecf36d86ce46417d344641,fcdc8a76a721ced8b6b6e6cd2c5e2a14,2026-04-05 10:44:34.341,-76.21,70.83,0,,,,
281a039df7b1d9bbe5e1d4d96324af78,92436847997cf5292945d4e0e4a05310,2026-04-05 10:58:30.416,-56.18,72.04,0,3db1a2108c019e87e761a8052c62b850,19522.278433333333,42.3,71.94
4897da3ff3611d10a6dc53f7bd6b11a8,1bdf5952bed220601ed1c94671471405,2026-04-05 12:39:11.402,-26.96,70.27,0,,,,
fc4da0bf2d67c31862f7069406863b5e,2d3bd44f01a4b72a58997cba27ac7a4c,2026-04-05 13:24:05.989,-21.04,64.84,0,85f9256ce1f30b9eb704c03ab279912b,5312.430416666667,21.04,64.84
bb2cd63379d3c4d48b0a2c55b05140ed,fa20c62e59cc7d1bb88271fd069c7b7b,2026-04-05 13:55:01.981,-35.62,64.05,0,,,,
282712c8aefc8dc079cf4d087971f28c,842f9bb94f507229eb7f49ef197a2414,2026-04-05 14:29:12.589,-34.42,66.74,0,f73980cd9d2fdc56fc359e13a0f05655,14911.844933333334,36.55,66.81
32908edac3bdd7b24d1265d4436e7633,2afb5411dcc6c5b985834e8c72bb0196,2026-04-05 17:43:56.493,-22.55,64.19,0,79a696fc402ea10c714cf7124846ffbe,2989.5025333333333,17.2,65.79
cc50abd8b1829c7d24dadcb9cafbc2c5,b6c90ffa45b821d34388d421d49b4661,2026-04-05 19:12:28.054,-25.44,50.5,0,0039b689dca4e5022c3dca6851a9cece,14716.49215,23.01,54.7
ac3f8e613e327fd94a0e8921b661e830,c902e35ed4076b5f2031b22ace57df2f,2026-04-05 19:50:49.816,-35.62,72.64,0,47ec65a629c20e335dc28c115fcb24c4,4.365883333333333,26.62,72.64
e69c05caf033c27676db4388c61c1f6d,1b83fed616d32a61f8073e7d3e0c2d85,2026-04-05 20:21:22.486,-20.18,68.64,0,,,,
4e0876d52bb057a96c7f3b3f0162e11f,0ba019c3a1bd5321864bf363cae670a2,2026-04-06 06:12:06.784,-29.41,63.05,0,46573f1c5d8010ab7c839237e929078e,20194.719666666664,33.32,61.35
26579042a5cbc0693f5bc93be5fb540d,0287516d59e1751f838d111da535dffe,2026-04-06 10:53:06.471,-37.83,62.09,0,34887c9cd02bb733e002c5390a5cc7af,2881.4295166666666,21.26,63.93
633109ca6a3ef0b6ecb1f215e0f41dd9,f57b7b8c19a6b57decd9fff853425f65,2026-04-06 12:51:30.523,-41.62,70.28,0,42034f3d18fb8743a1eef688cf1d48da,4027.1891499999997,41.62,68.28
ae1057106134596e6c135fb009ad469d,af6a2768895ca1e2be72612245cc8a02,2026-04-06 14:03:15.519,-35.53,66.86,0,eb1572881838ed384dbc2dff196f333c,4376.6667166666675,35.17,67.66
8c5ead1ad77a43c901b53daeea8137e9,f939fe6d82cc1414f2a25b6b96abcb1e,2026-04-06 23:16:56.254,-35.62,70.97,0,2ece877dfc250ada03aa6f28a3358bd9,11466.560183333333,49.04,97.15
4084a992250bba56e20cd38148a395ab,6c7b406f42d664508041d1bc5d9462d7,2026-04-07 11:53:25.878,-22.07,60.77,0,f55c1a571435ca8126b2cd3df132a7b2,7216.957816666666,23.18,56.93
2c0d318084bc4b51a827691c7a45574c,4435e5a468b8595c0a2d45061cc54503,2026-04-07 12:30:55.054,-55.62,70.39,0,f6af5b2f2c5edda48dddc5790e54641c,8332.430283333333,55.62,72.4
0ac0731fa240ab77776e8375b3ae761f,71d9b849bd50877f305d82fe61e31023,2026-04-07 12:33:09.469,-37.92,60.24,0,7358d0fd30d2fe3290794d67d8e1a4b4,4140.38605,36.37,60.24
64b4fd0c42b09f34be928749dbaaf65a,cdacb1bd1834baba1d07cd8859d2ca13,2026-04-07 12:41:09.912,-56.81,65.7,0,74a00c1fe0cb6e1fdade15543a2ed32e,3763.30815,10.94,65.7
dba65e49ff10bdf5785550836ab76d47,23a9006435d9cb17e2e2aa88642af27e,2026-04-07 14:00:02.445,-21.01,64.96,0,ae58dc5f3baf64d1526f5c4ee0d14e7b,11234.842999999999,21.08,64.66
5924f0e1c73694ada509c2582b6a6d9e,52afde538ff8959aa8d30de80e41548b,2026-04-07 16:54:04.472,-20.51,67.16,0,cb91fa3d0f2e549837e2006572c690cd,9181.317683333333,20.51,67.16
c737da740bb3b1f0d8b18cbf5fcbb0bc,209a83fae5549df6f257bf89244f2d73,2026-04-07 17:46:48.973,-27.52,68.49,0,1aee54a2962b3e84de39a90e3653b0dc,6286.955749999999,27.57,68.32
945ca45da9c59a4e132d15b9b6c83237,e44000a361b0f6c701deae394725019a,2026-04-07 18:27:41.161,-21.37,63.49,0,2018b0e685f81c1d371455d30b91bc90,5529.36755,28.76,62.71
0f2c041a4e75843fd28a032746797823,b27e4c229db5df4c1f79a71940adb229,2026-04-07 19:08:08.370,-37.06,62.81,0,94031d5e94f396d3aa0f268739344a02,3178.1364000000003,37.2,63.33
8c20521b03777d6faf2f56b954a37566,f1ed8ef62d1a1ac51bcce3dc8236a77b,2026-04-07 20:02:03.233,-13.41,64.03,0,2bb0e70f82cc4d8b57baee7a08d50421,3.0035666666666665,43.62,77.79
98cbbf3809f68e8a887cb74dbe77f026,f38c0ded0d8b543e1ad4eb5ca1dc2989,2026-04-07 21:07:08.983,-19.62,68.54,0,9384fc89941282a4252d49a794fe8e35,21187.39258333333,30.62,69.44
9a61aa97cf0eae6e1b4ac33411e5ff78,2b4c8777388a95339b825a12b9d84657,2026-04-08 07:15:36.265,-36.02,65.77,0,70a71efe55d3f641e3dab2a2830c9c64,5745.3294166666665,51.28,65.7
47366e789e2af4796540847d3b5d2dba,190909f022c230942de86348cc012836,2026-04-08 09:37:07.786,-30.62,70.07,0,bd2b8b4913ec85db169bc6bb3035805a,4284.299333333333,36.14,70.27
dd4faad29f58796969dfdedb04bb4e14,1db53669809451850ca33d788f59edf7,2026-04-08 09:51:10.337,-75.62,24.1,0,4011af5b6ae8a290ea8fdb2e37a093da,4229.64105,65.62,59.5
0096609bcd30fef52f6838ac72b5af07,9713fee6b714566790b1956f9f6af209,2026-04-08 11:19:50.261,-25.62,65.86,0,89c145e73c01a8b0c1000a0c1eb76b4d,1542.8931333333335,25.62,65.76
2a38b39616326ad03ee47f89bb844660,01c2040c54d377c607992e7eafc8e9ac,2026-04-08 12:43:03.190,-33.93,67.82,0,ff17be522883aa9b25b0d41ecfbb817f,15730.979616666667,27.78,67.67
c374968244dcd4e1f3d18a1a801c9eaa,2cf57652c168a3dcfa76107068e7de0b,2026-04-08 16:18:26.463,-55.62,62.19,0,55bc0e4e5f67009def2fbea5e233f9c2,11666.6327,30.62,67.4
678bba3e5e4f80af22e3c2d40b181a90,ab378d41c7bb8d46f43f189abe340dfd,2026-04-08 16:46:55.898,-32.57,70.21,0,6e44f42601e00609dc5415528e9ff16f,15896.8289,30.1,69.91
b9d2a409b695e7f9af9e28ee74dfed5e,5656f461d3928feefa48273d790e6eaa,2026-04-08 17:57:27.624,-34.35,69.59,0,ca1725b92fa6e0228bf017b768d30a23,6209.972483333333,35.37,69.59
2fc45f701297fdad03a87da42e3c406a,d435a0ef48a7848de87030737ec5f380,2026-04-09 05:20:27.815,-20.9,65.41,0,9a6adaec407c103700a34e8849d2a2a7,13816.265216666665,20.79,65.91
92f799c2aac4edc4d9599e6541c619ff,46e9ba62ed8c4400b44a4155de5162b3,2026-04-09 12:30:57.917,-55.62,67.44,0,47798f73bd027f7026fdd8e868d305d0,4175.961916666666,25.62,68.95
aaf08bdcf22e009768f0953a58f930ef,c4d89bd31872094148528df47390bc18,2026-04-09 16:49:10.957,-20.88,65.51,0,48c52f94357589ab94b792cdeca34528,9313.980983333335,28.69,65.01
fa9681477ac7931cafd9839b08eb7b00,4b78f81928fc7b9557d0e39ac865fca5,2026-04-09 17:41:27.281,-43.27,68.54,0,bb54b995eb886948079829c81d3415c1,7667.819699999999,48.62,69.28
b6cb360f5e16bb6443459c5cd51e8fdd,9a339c27b80e9074a8a496dee9698a9e,2026-04-09 20:54:49.097,-51.27,60.24,0,c965bc3083fb79b63ed496148de646b5,8366.510833333334,47.1,65.09
59020d72877ecf5102fd0088e01cc533,95fdcd1b0f4d73e08837a2cb06ed2855,2026-04-09 21:42:55.404,-40.62,67.95,0,338a8c958adb5470da35c35270f38657,7482.472366666667,35.62,67.95
1ca06fa46d40f64c1b0f4dcb8cdf9631,0c6cc0ea0d02eb437115f6c0bc9fb941,2026-04-09 21:45:41.444,-48.62,71.51,0,456c6870d9cee7549cb6be830b3cb6d1,8675.835933333334,44.48,69.49
9e60e7939758f341c3f66d7b819939a7,905991fd444ac44b8b478af939f6b2f0,2026-04-10 08:24:33.272,-45.62,65.7,0,4866f2251fbf991b0b5adaefc53b3c61,17190.610483333334,40.62,65.4
b5501d12aa5c81ca0745427013133ebf,b0d974dcf4a640cb682a3c9ec824319a,2026-04-10 10:45:56.791,-28.69,64.18,0,73fb68e62f06ab0aebc072b40950fd09,5713.1146,26.35,64.18
801e0d19ec2687e7799712b1bb28925c,d251e5f94ab5e512e102e117b3e642c1,2026-04-10 12:49:38.148,-33.6,71.46,0,6ae8b0140d795620517c7102dd74c131,4450.8077,34.26,69.73
b6ed1a8916694eb582b68f45213a16aa,ac192e4e9c517c3eaf905001ac681755,2026-04-10 13:59:56.715,-28.34,66.0,0,624b839ae6b6c831238f4c9ee639c6d3,12951.186533333334,28.34,66.0
80cb118f9c711cce5b579a815ce3ac0c,0db01e6a4619b95e9ba3192c207fa711,2026-04-10 14:42:03.818,-55.62,66.59,0,e0539616e0a482f3363be93608b34802,4267.507116666667,49.62,69.64
cd646820bb9343d9842b9457d6f3b056,0e822c5da4fdb740f94df9a8551adeeb,2026-04-10 16:05:38.036,-41.06,70.54,0,c4dd30a08afd63b3920ed599deacfbc0,7177.951933333333,53.81,68.7
1004689f5d14831b98aa458ae852989f,b3a0ebe9baa3d79f2b1d1b735b04e1ee,2026-04-10 17:07:54.451,-33.6,71.47,0,44ccafdd9de040c327c069d9c2632cdd,11679.033583333334,33.68,71.27
66b1471f450d1a109b6496bba08d8066,67cefbe4cb723731f3023b84087532d3,2026-04-10 17:16:33.611,-13.19,66.0,0,4d971f697fe873e3daecac5002638053,1876.54115,13.23,65.7
e1dc13519a2b3b61aea91c3e3e7229e3,5916e483f920ca3e3365c8d34afc06e2,2026-04-10 19:15:46.507,-37.72,24.49,0,fc3327b04de959da4f99834f7107fc79,3528.7627666666667,45.62,24.49
3d579d2096e116b8edc650f17443186a,7e262f6d94e065f1ba588909c3be7f14,2026-04-10 20:17:18.990,-20.0,67.5,0,31af8124f78072dda9ba9b5f069429b6,2153.3375,40.2,66.5
aba9ab6610b9176e4e000acdb30870ce,b0801f68789532900911d4774f508a98,2026-04-10 21:15:24.154,-64.36,65.49,0,58c7ba58e410a809b6d09a35421206b1,17189.356566666665,62.33,65.7
9e90210396ed3c931f50c6a2cf2fe847,d44dcf1a3241ea171c62d24febbf57de,2026-04-10 21:38:17.507,-18.62,60.4,0,8c49de577eb318be7f5de391809abf47,10363.870733333333,35.62,60.4
1631e4c85e0ae8b529e577812409e6e6,1d2e9f2f06e6de9c645a67ec8a0a1a82,2026-04-10 22:11:19.103,-46.3,69.92,0,44a5301eb294d1ef8c403c9ec988c864,6354.239633333334,44.78,71.93
5dd00d99adcf7efb35a46fce6cdbe0a3,60eb417d624ab7e3a8e4316a8a122697,2026-04-11 05:39:53.000,-34.51,69.23,0,8029b80d922c539b9ae77f6e88e03ac1,7945.821883333334,34.22,69.93
63d47e0a3be7afc5455575845e112deb,abef0a73ae00701d4d715c6ec5b6a3be,2026-04-11 07:58:15.837,-20.82,65.82,0,,,,
7f6524a3a04f39812fc01ed7cca970ba,d29bcb97057b496895e475f469b65c21,2026-04-11 10:19:50.053,-20.62,69.44,0,62ef09c91c4a64257f2c8577074aea00,8137.629983333333,15.62,69.44
5eb063860e7b1ac32c40f0277eb68e7e,2462028acc34e7a193e6cda7820ba2e8,2026-04-11 10:32:25.536,-37.32,70.32,0,b831ad62c4f62dbdea335124a1bfbaa0,10377.122983333333,36.1,71.7
a3aaba0759ab58799a3095c83f357a00,400dfe22105334504b3538abb995b932,2026-04-11 11:24:25.291,-30.19,61.05,0,677fceff2d3b66e50792b61f1d51a544,4104.6072,43.55,65.9
9355c14745eec5dc4be1e739e376f796,b22216efea85fd2e41e79db202ec3125,2026-04-11 12:56:54.770,-44.94,66.63,0,0b935530fdacfd65df565ab0bfdd07fd,22742.54095,42.12,65.1
9715206e588d8d0a7398438613accb60,b60d6403c01dcfcc9af397f9a4478a6c,2026-04-11 13:10:36.829,-27.54,68.41,0,ce46fce420f53f19167e7ec528f0fdb9,6898.2406,27.53,68.46
d12175cb27641edc83d3f00bd5ff2c0b,d92b3859ff911455128c0d7b5aec1d20,2026-04-11 14:21:54.584,-50.61,68.2,0,6dba8fc8797a91445f1f266a408bb9e7,14318.148383333335,45.62,68.62
8a9ee56d307c4ba158e508cdfc251294,17a06774431aaa18e9f028261eef1a42,2026-04-11 15:31:52.095,-12.67,71.85,3,3d91c11b07e88d2771022cbeab31f456,1.2792666666666668,12.67,71.85
3eeb066c148478b94af81fc8264ee1eb,1cf9e10677859b199dbcd5233f8dc58d,2026-04-11 16:19:53.650,-13.12,66.61,0,8259e7c8d656a15708896664e23602a2,4923.019633333333,14.62,66.66
f3838fb78225669e2b8a7518f7872652,6edf292ddd626f2b91a93747d4ea16ff,2026-04-11 17:23:29.711,-36.68,69.77,0,24cfb64f58b7a1cc4634546984707858,4876.63825,38.86,69.54
0e3a2ba0f6f5f1f7b61ac9d9a415f21c,705901bc41103a14f7a9ad38c20bf1a3,2026-04-11 20:58:48.991,-30.62,69.79,0,8a06aaf976d8fad0a141814085a3f091,4437.007816666666,20.62,69.89
04cec8a4cfab144c4438afa8e4597864,d25598ac48b38ded64eb385fc480e64f,2026-04-12 08:03:56.488,-26.1,71.08,0,8b8d678027ca34fa7c3e7f3c9b5c6330,12666.514583333334,44.82,63.66
fc012e3cdc09e7d1f7a38b3b9a21ea12,6e6d4b81adf119d0f7f958cbbfd409e7,2026-04-12 10:25:25.522,-63.15,67.95,0,a4f25b89dffbb2db841c500dbd956f5e,11412.180733333335,56.63,70.29
6775e4f7b9dbe079671e116ad199f7a6,2f1df133f7bedd56afde636437e7a1ec,2026-04-12 11:32:35.446,-48.4,67.77,0,23abf215abe451c0d3c95b8bc65f8331,21158.6789,50.15,67.37
fb35ea9885041161788aef412c3ce914,9337127ad030849497756d9db62f21ab,2026-04-12 11:33:40.702,-28.51,71.21,0,fe64640edacb8c9ee2bec074fa9a7c57,4399.683583333333,28.63,71.58
ad43228132a521bb99c14095f9c5c719,6664d10dd797b02425c92e95a2503cbd,2026-04-12 12:03:14.383,-21.91,61.35,0,42a03a3c94318a3c17047e0172cfddb0,4114.335116666666,20.62,61.35
c71279d5344783bd99e6d3716de5db3f,297c17122c4e4698e251466ecc74b407,2026-04-12 13:02:06.764,-20.62,71.58,0,3a379931aefac7085b0b021a6e8fc752,21232.5014,20.62,70.57
47627c785087dc36585153943b36fe2b,09547cf54fb04a25789b523e05dc16ee,2026-04-12 13:07:25.813,-48.65,69.71,0,8a6342bb4777c4b279bb9ff894fc7288,4573.318966666667,40.87,69.49
29c0de5c513aa2d4e192754f825c6365,4c6b0d7672f8dbde10ed99a9b94580c7,2026-04-12 13:44:18.231,-22.06,60.8,0,e781a2806edb9938d230696c5c1a1fef,5064.11395,30.99,60.8
09372ef7c34e6bde647fd63537bbb7ba,361dec472224fa48e08a9a3340109522,2026-04-12 15:01:19.348,-32.49,67.41,0,fe082eb573ad0192e2d80012848a7d28,6024.938550000001,50.17,67.36
505b9c6a79db034f61a74991030579a8,f7b895b434ab4f911e8a0770513d4441,2026-04-12 16:52:43.931,-39.68,65.09,0,19864497d66701fa5a146cc303a56ab5,13512.955716666667,55.58,65.09
e1672fd38ca730511d00c29c6cae60f0,26023cec8a0a332ea792b71d6c150369,2026-04-12 17:33:10.003,-20.11,69.01,0,,,,
4510c09fef5728b5849728b5701e251a,07d5db6fb1ba6d32a2ac5e1aff4a0576,2026-04-12 18:35:18.932,-42.09,68.54,0,9e601bb2e5cffbd2ca0120a18128d9b5,1350.6347166666667,19.73,70.83
d30bc691e26dde7051a6d3cb401a75dc,c70bec0ca79e3aef62f800ac91dc7368,2026-04-12 18:56:03.267,-46.08,69.65,0,0388e51513d0de4a560795120a522e45,13113.070283333333,50.62,70.62
e7bd01c55773a965bff7c39c362e9b0e,eb0e614ba85813bb3659cba83652c287,2026-04-12 18:59:38.801,-15.06,63.51,0,91e13015ca36991a3a2f475ec183dc4a,4338.103916666666,16.02,62.49
db10650a55b2fad86d314120cc0f4edc,95b25b8a02c3bfcd3408238d7679fef6,2026-04-12 20:21:02.627,-40.62,70.12,0,,,,
1acc96f0748d16e18e31302d30b4b75c,805a986f7ac41392e2bc387246b32295,2026-04-13 02:17:05.353,-19.98,69.6,0,d48ca530d7fa629d6cc20307a732447d,8990.513133333332,34.35,69.6
279bbd723764a2ecc962f06f8621ae17,dbf54e9dc28011216344377967433475,2026-04-13 07:41:03.669,-14.61,61.12,0,c57a8858a221d02418a0a63e7a193ec5,4943.342116666667,25.74,59.64
2f2fb253b2ed0a13f093eb36ad45225b,b9a6382e5acaeed76a57c69036342ea4,2026-04-13 10:07:02.994,-19.93,69.87,0,12554411514cb9a812235601f3701310,6942.6677,20.25,68.35
6f5beaed5ae4127488b60f247dbab4e0,a7245bcb33e4f0cbbe9a073fe5577211,2026-04-13 11:36:35.505,-44.6,67.09,0,b307e8633650a89e487778a8e1149f07,4002.6042166666666,30.16,63.12
3ed19e6d6ba0563700e92b5ad32f550d,09106e0acc3f0301d49b6da419d1e36c,2026-04-13 14:24:11.669,-15.62,62.25,0,eb3244421569237a6d820e9555794e80,3164.329233333333,15.62,64.95
0502e8097a8754ca25ac5cac89a1ff04,72ee4ff6dc55a89f24a6da49aa61d326,2026-04-13 15:03:17.990,-50.62,72.81,0,d446618d873ce0c0aa1455f5764aa020,18684.8587,55.62,72.86
aec881bd107624a5fb79b3d53ac62fb0,9ed4a926e49e6f0500c202a5f0a6545c,2026-04-13 15:24:39.453,-45.29,65.79,0,4c60f5ef5499fbc32199f9e14aa2b835,23482.6851,21.13,64.45
ab1029a33756d050d43552847ca019be,1efa12f1081657b9f5e5d14519deedae,2026-04-13 16:17:18.713,-48.66,69.71,0,69f47fac39074fff25e889a34748625c,9926.78535,54.23,70.99
e23f5a0eea29485b4c61349ee2137314,827371404f089089575cb416892efe63,2026-04-13 16:40:18.784,-48.62,71.77,0,8fefaff1d0091f7e283120502059a521,14543.930733333335,51.62,72.07
4776d0bd403f4c6d6596bbdc3cd8255d,7713000602c9789889ec4c4a1275774a,2026-04-13 17:36:31.642,-50.62,66.0,0,70f5e869ba38e1d746feec38d5a58747,4433.3192,45.62,66.0
debb1ea6b4a3ec94b7a2ab6472ee9b6d,9918bfd62cb416822adf3c7ab7a507d9,2026-04-13 18:19:22.966,-61.88,31.95,0,f2113cc5dad8750efddfca07dc4faeba,18712.2656,62.31,32.5
847bb2e930468f006aab8344040730f0,6d07960de54e438811dccce3f2c10707,2026-04-14 03:29:21.371,-30.76,67.9,0,603d6f88b6a6f178c7918267afe22157,5754.819116666667,40.63,71.07
b101279a3d3ca28cef9814f84b07a14b,963897fe26ecff23bce4a4d93dbad232,2026-04-14 07:34:27.267,-48.65,69.54,0,f3489a68e15ba193190cf48c96e4b874,20158.158666666666,47.27,72.18
6b9b8f76b86b8745b233e77ddabf24ff,78c79f615311ff3241f5c846e8c84a79,2026-04-14 07:43:55.612,-37.87,62.0,0,bf9eb5419dab0eeee242f3a55264e80b,4246.690283333333,37.87,62.0
52b93c2193efce29ab53d050d94d1bd4,36b1b52356c2f35d3a2e1d4fba5505e7,2026-04-14 09:42:00.206,-164.03,63.0,0,05418de9d8de736a44c164d23069a898,19.306449999999998,163.55,63.0
94659df065787605e5cde3a840fddcef,5da44fa527e13bdcee673e99475e773d,2026-04-14 11:20:15.267,-35.62,68.14,0,decb767842d44e58fcee883bf39534e3,13651.511033333334,35.62,70.28
ae211486be4884b275a11afbf85fe35e,80e4c23e929cd080200aa6fe005b6919,2026-04-14 16:31:06.277,-13.62,68.83,0,8bacf33151c625416bd204d432612ee3,8478.253933333333,76.59,68.83
08b97a249d2dc1c00e55db9f96a7aa8d,35a490e672476b88383e5c6249b8d728,2026-04-14 17:23:29.279,-36.0,65.8,0,043bd82be4eab8f5a7da475e33a553a8,17277.082666666665,36.0,65.8
7f0984f04465015d7d33855a3aedd3f6,2a72e02d1ea32d6aa4f9e3611d4794c0,2026-04-14 20:20:47.250,-18.71,61.1,0,7c67779c81cdfe77be73363b689bccc2,1373.3976833333334,18.71,61.1
d0a4dfc9e9c0cb61d41cd95be6a2233a,86052077f3eef3beb8c3f619d023d299,2026-04-15 08:07:55.222,-31.94,69.37,0,b215f11fcfc26465ceda65742b409664,1433.9684166666666,46.45,69.17
a76577852b16762934afb2e64f401a38,cc4e7d32a5841af30e6360bc40066f31,2026-04-15 10:12:06.752,-27.61,68.19,0,3931764be34ff1bad61f886ebae313ca,2893.7609500000003,27.61,68.19
02f5fd3e9867a899a947206695ff378d,657df10d58c9bb86264c2c4dd05c1aa7,2026-04-15 11:32:50.897,-60.62,64.34,0,54f10dce16f295bac12ffb90bb51105b,14372.343416666667,30.36,64.34
55143884a910cf20895f6a81352cdaea,cbc1dda951de1d1c2d4da71d0e8c5b4b,2026-04-15 11:57:29.022,-54.65,69.9,0,7d83b4734eae68ccd4667de98c714801,5587.985133333334,69.48,69.7
a0821c0f227104fcfe30f2881afed8db,fad11e8f60d265d5b384b82c17e35865,2026-04-15 13:24:54.304,-35.47,66.99,0,53f627c748fbc31dbaff15ff623711ce,25778.577433333332,43.1,66.7
7732b2287e599c5ff5c0c351912d7101,8e6dcf0e4639fd9eb991d82350d26a2a,2026-04-15 15:57:06.258,-47.76,69.19,0,49718cebdfeb292ccf3925e94dba5547,10086.903966666667,41.75,69.19
1331befdb0b07b31853d4a9fa24006e6,42e12713c7396c2e52d22de475ef211e,2026-04-15 18:12:23.699,-35.15,63.32,0,2d1bfe66ac64bf9081a4ba9ea7caa454,17190.13005,27.01,62.45
1a66ecc7c8c2bfebc9e1df01138f44d4,35c4d9a4a7a34fd6794c4fbcb98d760f,2026-04-15 18:22:50.991,-42.62,69.26,0,2b322a06ca02e154274761db74c3b0f2,14759.658399999998,43.91,69.17
47613239c5bc63b1b8c262b6faad2172,fab03aa90d9a763dc1be50d0aa5c5bb2,2026-04-15 19:51:34.028,-56.78,68.54,0,c6b6ffd428e76640655adb0af5848a1e,18007.785033333334,62.84,70.07
1e3f455c123d838f7fc04026e4c7eee9,ae7d00f39819e6f7a8144c03d74afa1f,2026-04-15 20:58:07.206,-29.97,69.94,0,ef8d258d38a00ecf750da854bf7d0b37,8662.3063,34.94,68.2
59a8cd9972e5a52a1467ff4da4f4f36a,89f8d31e512d9501247051840085f8ce,2026-04-16 08:52:46.022,-40.62,62.1,0,,,,
b22d810d40d9b464e71ca7b78bc8b9dd,6d3570a3424d2b6afb7e476715e08f3f,2026-04-16 11:05:07.637,-35.93,65.98,0,a04f4599f4876cd9c854042b66e1c23e,14169.609,27.97,67.1
5cc36def7860caf46ca940d0441f2f4e,09851f7a953cc5e7cb73c21c307b1324,2026-04-16 14:15:05.767,-35.14,67.73,0,d3b12447cb36f4f838a994e3dfb4b2f6,17527.586616666664,20.36,67.83
cd3c9cd06869e0b261ba7e722be72702,7bb7cfa674d5b504f2420b55354406e4,2026-04-16 15:08:12.123,-28.6,65.27,0,,,,
956f7e0bc00119a5159e19186984bda1,0947aeb1b0de034a4ef2bc993faf120e,2026-04-16 15:10:49.017,-27.73,67.84,0,a0fc937b273b2f678cf13d902b1f06e1,8654.190266666667,14.62,67.94
601ff53dc86bdd03b5af44cb9b04db9f,6fdb0e460961369b4192f325ccd3886c,2026-04-16 15:11:05.358,-15.62,66.12,0,2ce3e7e29d301621ec2de7373733ede4,28466.159033333333,20.69,66.32
66faa346b5ba7795da82315858f52458,980985921c52c5fb5288e5a65ee493fd,2026-04-16 18:33:46.986,-29.15,63.79,0,4b7a31aceae1e6c455785311d9ea8c62,3299.1871833333335,29.22,63.59
aff9a4beefaa3a9648ced6b119575dda,04057101b67bc69378969f4997d510a6,2026-04-17 09:36:11.959,-21.48,63.05,0,2fff0b4be62153fd919d927f5fe5e64b,4082.3322333333335,13.55,63.05
277bca591dd47c2c051fca3ed9726236,7dfaef873061e1ad4228bfe7a14887ec,2026-04-17 11:14:15.335,-48.83,72.18,0,ffb6b4c8317a4139a4ce810cbcd06c38,4351.682683333333,47.91,74.49
83871ff16f790864e1c6c34799356f4a,98384b95b28b4896744f7e5c44fb8814,2026-04-17 11:28:03.099,-29.99,69.74,0,5f7fa740378d48201b6c937f8783d4f8,1562.34805,34.88,68.35
9f24fca23af88bf0ba6d73c68deca39b,8d125edf28120ca4c1ea59b7d51625d0,2026-04-17 12:05:25.892,-10.57,60.57,0,66a30a4ec578c7902913c1ea25ecd44e,210.44863333333333,30.62,69.53
5a785f37b1d23c659c4d7552da6a1466,8a5c1fd38f1c2ec0d7e6e979c8ea7209,2026-04-17 12:48:34.325,-51.64,68.39,0,f0b2fc460c2094a38d801350c58275aa,6580.902816666667,53.13,68.19
fcff05bfe176404be515eba02f8010da,5b6819f2daefe95b8f09fee9ea3927e7,2026-04-17 12:54:44.008,-35.62,64.99,0,,,,
bec486b5f741d3986fc230dc09bd131f,2cf1a4f74bd2a592e722d88551fc15e0,2026-04-17 13:56:34.326,-35.62,67.39,0,85da29dfa2e3dfabbf62d8911628dc2d,8439.274383333333,45.62,63.15
885438382d30b4858274ac0e03f865ad,fba5534692bce99fef853ec9d9455779,2026-04-17 14:33:11.281,-55.62,72.21,0,dfc6cb3bb6b0598bbeb040e513fc9662,11165.740533333334,45.62,70.41
1352d911586c14bc4baed1fadbef2596,2192b1340abb03f66a13f148127b2c6d,2026-04-17 16:36:52.192,-34.67,68.84,0,92b61c3dfc3ef67e15a4d7aa3f4edf5d,4256.811166666667,34.67,68.84
9182950daf6b8ac0816ba1e48c30c102,a234cb20990f792ed9c54b67c1dc8b70,2026-04-17 20:22:48.044,-60.62,66.41,0,e7bcf4769b867afd8fbdb1bfeca3c661,27605.701383333337,20.47,67.31
aa4db0f6058e6165510228d62c9ad265,ebecdaba9faa7d1ac9d9a84f7f88209e,2026-04-17 21:32:55.126,-49.85,67.14,0,3bb00f67cd1e4e6b99c9635e7d5976ae,6118.57035,53.43,67.06
57e803fff935f186e3f15c4df53f7725,e5198d1e4c80424267f5503799e83c8a,2026-04-17 22:02:53.045,-14.68,66.2,0,f9069fc210bf5834bdf80fd05fb68801,1509.3225166666666,17.7,66.2
8467f8f7b79cd51ed14971168fde9e28,1d01bfa99776dcbb62f6761366da2986,2026-04-18 04:43:55.019,-38.62,61.49,0,cf2421b98b6acdbd62531be7c8258a5c,22860.4058,34.79,68.56
9bccf9883d4c65d85912cbbbe7823b8c,148e4b8b171e3a0c871350ed00f72b93,2026-04-18 11:29:41.114,-38.52,69.9,0,f2a36e7ed92f0c1b7a6545ef879c78ac,20128.6751,32.97,69.46
3b3f59eec0f38f395db25ec9ee9ee420,c3dc03fd7ec5c9b31f55c0ffaa8b33fe,2026-04-18 14:15:21.486,-45.62,70.09,0,9d366a19a537643f809e2e0155fbc39f,10302.412699999999,50.62,69.77
5ac38d1aa8dc82553f557909befd64e0,6f7924e04083ce8ef1354a8d54e9c2a7,2026-04-18 14:27:30.635,-11.49,65.06,0,9251f68851d1e8c4b53637ba38ab91fb,10499.311049999998,30.62,64.46
d5ac489b0ad67769a95bf73afe967032,d06e7382f85e73e456e9762ebc18a45e,2026-04-18 15:24:44.467,-50.62,67.39,0,352129c80ae1b716f75cbebdda457405,8707.7254,55.62,67.09
73267c8d848f15efbb6516f60eb90362,1a48ca112efa60ccd6535272bf61cb5e,2026-04-18 19:14:09.800,-34.29,69.75,0,3edca8684825c3013edc8d4c01f26b84,4416.700883333334,34.52,69.2
6685b2bd500a9cbbef2279952b56a0c0,a37a31e51f2d73a7516ffe9a7c154cae,2026-04-19 10:21:34.905,-30.62,62.3,0,3d6600718bed5d7b0a3de0660e467b2d,2456.1636166666667,37.02,63.69
7196328585c3754859e17b5caf8082fd,b814aa0a8bb5cfcad4bb5d1521c12e93,2026-04-19 13:30:49.558,-75.62,65.9,0,fd186837598f1d63093a09b35b4a3dec,4535.437383333334,55.62,72.4
895e5d99b9671f7c75cb3a2d4a96d69f,90323675c021ac58e4c6c988556dbe4b,2026-04-19 16:34:00.921,-15.62,61.31,0,03c93e7244889e56975e3146eb36059f,5890.826633333333,15.62,58.5
99265be2a397279d6a5cd7bfb318d9e8,d9c2a3fe5b6fc02d49e8b170a8b2fd4a,2026-04-19 19:24:05.131,-27.0,70.07,0,15fa1f5042989026533daa6c3b139619,2863.6915166666668,30.62,69.77
019767ccb35e6b37371b4fe66f414f2b,4b9b2f53e0d2165ff15a0895cd5d02bf,2026-04-19 19:31:15.302,-52.51,65.41,0,337a52dfc083e9c937319c1fe5bcef7a,23157.053200000002,58.67,65.76
1666dccef71fd4b6d0526f143d0985ec,9483f021e2a1f557f090d9d4b13f499a,2026-04-19 20:10:34.785,-24.12,62.55,0,f8675ecd53fdbf84f2070e30a4006469,2062.0615833333336,22.42,63.35
0865f2fc9129cb9e0f6e53db34d5542f,c1b25026ce68a5c1a26464d74a78f233,2026-04-19 20:40:17.668,-49.13,68.94,0,c6dd63d40aa0eacba79c8ed310f07d9e,5992.340516666666,44.83,68.94
c44ac6349bc408f70b37f18b8353c645,c246cd2479ccd6da9736fb0a17ae0e68,2026-04-19 21:19:19.150,-61.91,64.33,0,965158496d9cd3671617085deb28869e,5829.84555,35.62,68.89
3715014b9a813d947a819b18a557d02c,18a6ae97c6343571167524125a4d8952,2026-04-20 05:11:55.879,-21.17,63.84,0,1d7c16dd8098449e16703cb355f322ba,6554.549116666666,20.59,66.86
34ee467ec3f8506b823846a39ea46d2b,1fd09ed94c38fb047fec67fa2f8933c2,2026-04-20 07:18:40.569,-19.89,70.07,0,e31e6df05738fcc76604ac10ac80bfa2,5738.195383333334,19.95,69.77
bd0100ad14125735de5ac49be432f25e,ca14ac92c552e04a48d2f714c7cc5077,2026-04-20 07:24:31.754,-13.96,59.92,0,ef018eb7f65a3293f5ee79beda6a2fc2,1356.4387833333335,13.87,60.57
9feccd61e65563659a802ecf091a0e84,6a74f289e88aae40bc5440a7ca199560,2026-04-20 08:01:00.152,-73.86,70.27,0,9c88fc19e92792c867754c073dffb9d1,1151.9074333333333,43.14,69.89
7d8faa8e33980b7047896b124d6afbbc,8efcf0c7af60f1d9b34f4b8100350fa0,2026-04-20 08:52:59.775,-23.96,70.86,0,ef436c7b46cfb4d04adc1693ad6df0f3,16861.535,42.34,69.44
5b3cfa6c9cc09b53a598951a1fd5cd0a,9d5186450de05f5a14584c7ccac1daa5,2026-04-20 13:57:14.939,-19.64,71.29,0,4c919fe6adadf98320ef0dce863db89e,6984.245083333333,54.99,70.89
56a955d5da34efe258d3537fd89f0440,22847ad5b74417d8954002b91324a215,2026-04-20 14:13:43.882,-35.5,67.7,0,128427bdccaca7d223784320c566c659,13120.442983333334,55.62,69.2
50e7fe930e0f0cb8f19e916ae13a995d,9d4dcef704ad28b430704b58eaf3aa96,2026-04-20 14:50:42.436,-34.54,62.23,0,1c303272db08fcc81f9091febc01e89a,5920.894833333334,36.01,65.81
27332dc5a5f54ed38d8603474578f756,b9b37d9b4a102f601dd1827c64e34b15,2026-04-20 16:12:36.114,-61.1,72.09,0,0e086bdf0061cc23a2b304d76e3bb62e,9726.36395,62.68,70.09
e7e66b6cf77aba75dcbc89149b4f1fe1,86dfda4c8fb98b21394afaa7a2e66f7d,2026-04-20 18:32:43.334,-45.62,62.42,0,e64dd5ce366745aa2881fedbd3226d7a,10635.265933333334,45.62,63.98
37c7173cbd3d636716f9af265ab87e47,90921e68b2d3d45d1e413a6f36f2a11a,2026-04-20 19:49:41.702,-51.61,68.07,0,b9a73aea83063bfd4622699b1f238ec4,11758.089833333333,47.02,67.82
76d571f197e4d466abb13aaa22a5bd7f,18c488be31e6437119dc2d47b5d9a488,2026-04-21 04:56:44.049,-45.62,65.86,0,347b51d79e9d821e8c6003f8db04bb96,32932.48873333333,42.64,66.08
a016c3883e0b7ec696d308546c523348,5149ddf0ae882c2ebf10c337343f5703,2026-04-21 04:58:11.393,-51.07,66.0,0,59037fd1ec4a82060f4935b62b953dc6,16823.791983333333,51.07,66.0
fe89ac2d50f3c3c19ed31e5c0e1630c5,b089097fff69b2a1b72b70a87d4f60c5,2026-04-21 08:23:06.154,-50.03,67.61,0,3b788604d90ea446dde3d0f4a76fe45d,14514.38865,36.87,66.51
61b9e996f0e2838687aa3209784dd05a,3dc99e3be513f9fdc8394f4ed4acebde,2026-04-21 09:35:30.491,-28.62,68.59,0,c381ee0ed64bf3385db76222c2054d92,2735.638833333333,35.62,67.99
4fac0160ff50541c115634f21c7d6a60,178a8b45fbb39a99bbb86008bb32436f,2026-04-21 09:53:21.476,-19.38,72.65,0,81858f5c82f9ec49b3bbdd1903bdba26,10097.193850000001,52.84,72.35
59f0beebd3a828a7bcaeaf34d8400705,734ae43513ea171206f7860ba5845ce4,2026-04-21 10:41:00.233,-27.36,64.38,0,e6ed580cb8a057d3345d820fb61fe87f,4093.6312166666667,21.17,64.29
84e268a935274581969cb9719485212b,83d896f98250e94a3cb9ec9804abdeb8,2026-04-21 13:23:30.537,-15.62,65.8,0,bf674b3885e1e26082c3ef83b07e9a67,16038.90805,35.62,61.75
98c9c1051740293300db6a4b471dbbad,d09d08c02659682fe7e61dabe6761c47,2026-04-21 15:05:21.882,-35.62,66.33,0,996166a74aa962b75d333e3fe0313349,3138.0838833333332,26.06,68.13
30df277cb2d7539a84e8ca7b9de9925a,9bb0faa1808281b5a1291a2405472d82,2026-04-21 15:10:50.324,-46.34,68.76,0,a346b9c180d8fdd9bf6c2471b33de098,9042.78665,46.09,68.46
d438e47d03e824318624a79ca35d81af,e474877cd3dfd54a422f8dfcfc76298e,2026-04-21 17:31:12.869,-35.62,69.99,0,aacdcc1f11b6412846be877df12e26a9,4461.536083333333,34.31,69.69
ebe8cdb6568aad53e99341701048c110,526fc49cf16a9dd8a57c9394ff852f86,2026-04-21 18:57:54.885,-41.41,69.84,0,d817e1095e3e42fa28d050ea62db5915,2881.1787833333337,41.93,68.84
6b156095e3cec0c53392dd5b84ba4e39,becd053c0a2303704542d25d9f47894a,2026-04-21 20:36:59.086,-47.86,63.0,0,13a076d1e910603a30637db2f4cceb8f,343.9912166666667,61.61,63.83
870525638141060afc35fcf1bf4651ce,ebb46c9b5ad1aa466edc794fd9cd25cf,2026-04-22 04:48:09.092,-45.91,65.39,0,926bfd31cb2ca29899cbbaa8b511e36b,10175.564483333332,46.81,64.94
21b806c37af4a3f363fc674158748243,3cf0e4ef0221b44cc224495c1c51e8b0,2026-04-22 09:48:58.959,-22.38,59.66,0,a494340f87806202b1acc8b5f6851d3d,8618.728333333334,20.53,67.05
49672edae9b5ffd441754a10877d0a51,b6980a92c4d62c4ecb297c559773fd2c,2026-04-22 10:56:40.037,-36.62,64.21,0,4cbb404df3f3adc0da9302cd26e3cc8c,1554.3951000000002,36.62,64.21
18789dcd55892a92880000459981bb3e,01b1de2fae44c66ef7902c52cd52e279,2026-04-22 11:44:02.749,-55.11,70.72,0,86b10caaac9d5079a928e1b8a45cc2a0,14420.212966666668,53.62,70.12
3e8b945792611de80a91084f871b66d8,466cb425f2d8349ea48d8d8213b5fbcf,2026-04-22 11:52:56.288,-32.09,68.0,0,d39cbe1aba6940ff63acbaa0ff5bcfb0,13449.01705,26.2,68.0
36f82a93f340447307c189b3d2f7e641,34431e7e8222628546758a076b77cbe2,2026-04-22 17:22:04.463,-34.39,69.5,0,dd23d16732628df5d7f244b4c5f3cfa6,5872.889833333334,34.39,69.5
7e38eaac91d3061827523c044a9e7d42,e69a0829257bd5233628573bd2e7b262,2026-04-22 18:53:40.228,-36.01,65.79,0,f54ee8b34f984de8b2f0e86ac2e0df0e,1562.6461833333333,28.23,66.33
0226547688b261b6659498b6c7156fd1,03ee9a32ff8fa72d51208964410ca2e2,2026-04-22 20:36:10.809,-43.38,67.21,0,75ff0f7a791067f4a89f6848f049cb3e,1950.7883166666666,33.93,67.11
545dca20e7895e9227f696e453e691a8,57851524410f17aec08458dd74fe920d,2026-04-23 06:59:44.542,-75.42,22.49,0,9054336233a322d6606178c230c8559a,2394.957366666667,72.48,22.49
a74443c1d2e0d098aab0b00fac0cdafa,7e533933fb8b9392a45ae7d9287b092f,2026-04-23 09:05:44.788,-35.62,70.42,0,c15d4463ad9ecce1de6c2cddf0446e19,15706.94565,35.62,70.52
10c7200ef26d1e70241cb150f7e178d8,bb843e91bf3c9c0862ae2987eabb21ee,2026-04-23 09:40:52.551,-19.92,69.9,0,c32c682a27489ca9f070d7e0fd4af357,13950.179333333333,19.86,70.19
47a02292c29151aa6af2ad155730e330,4fcc0838b764f161839de9ce3c95252c,2026-04-23 10:26:33.590,-54.77,69.61,0,d52353700c4c5bf622a7e02f7785885e,18168.53516666667,51.05,69.31
06d55d363d9314990aacc0aa17aa4045,062a68a318e9c1ff71514d9e8b90ea53,2026-04-23 15:00:12.549,-18.62,66.31,0,230ff70eedb246b00bbaaba8f9f198ce,7189.468633333334,20.62,66.31
8b4cf8fb0e9d635263fb1b0b06f5490c,17993fdab5b5bf422354d2b1ced5b17f,2026-04-23 16:32:51.844,-31.6,69.87,0,07572674a1f90d012a03289417cddc45,1.8159666666666667,24.62,63.84
360883f29b77ae5845b98de06e3e4eab,10ceadc44c013afd167c5dea68a640ee,2026-04-23 16:39:13.249,-25.62,65.28,0,b79da80d8bc72d7bab1bfa080456aee3,6196.359616666667,25.62,65.28
ac2d481f91f8f30bdafb164e66a872de,182747562d25d5620055dcdb4b831609,2026-04-23 17:20:04.278,-25.62,71.26,0,792ca4a61986414ea8155da2e8800406,393.52279999999996,25.62,71.31
edf6134022d9aa097619a9c4c4ceb73b,8e2f1390f50d437231ee1c9371d0415e,2026-04-24 08:04:30.183,-35.62,63.09,0,61197af1c2b5f0b5164d22c0d3e4ef25,17805.859816666667,21.75,61.99
b749242f46f54e457f72f4bf3b3cba52,5041e048f6ffc3dd0161dc1fd9de95cb,2026-04-24 08:22:17.345,-19.83,70.37,0,3238d9c01ba2ea2052f05db60a037a26,33119.594183333335,46.9,71.82
314f8d1609efdcf7543f31299728690c,26bbb9704e0f4c6725c202102544fac3,2026-04-24 09:59:23.621,-28.62,65.0,0,308f14beb55cb512e8f2b1d4e689249c,3783.1076000000003,20.62,65.0
cb9de8f4f75303a67d90c383dd40bc85,7bec63bf42f9bfc0a3d4652889a3765d,2026-04-24 12:31:59.275,-30.62,68.19,0,66d62e22e1399e161f53149052dba429,4166.2008000000005,55.62,70.95
c2ec485cead5fece24e39a629a065d50,b2d47c3d0f59c074b8e2de8784584184,2026-04-24 13:27:04.697,-50.62,65.97,0,c0d0fb602cdd34bb1a55299a3431b894,19876.112133333332,30.62,66.0
801a0a0fb120a7a97f670a1918bd3b21,06467d2c34e379e634c2ff25f59ea606,2026-04-24 14:31:09.819,-48.93,69.26,0,c853dea8c1459b36f672e33fa93e4b01,3821.3501666666666,34.54,69.15
3c3a8178127be4eb40a9e5371aaf55e7,13cef38b8f90fa4df8af6c0ee3af1c5c,2026-04-24 15:35:51.014,-26.55,71.64,0,42de32c693026c65b070794a0c55aa84,24863.996150000003,26.64,71.34
d370ae806e2845bd35d66ab94881e373,4d84a7cba5c52ca8bbc44f483b9f24bd,2026-04-24 16:08:35.280,-50.1,66.31,0,b0386de4ad32056c60ed85c9aae94447,16291.301683333333,20.76,66.01
26c5028dcb5551aa7064d828b84347a2,7397f182a1b46d9731938cb5792f4907,2026-04-24 18:12:50.262,-35.32,67.33,0,58354204b7ce041e7a3a6ee9bdcd361e,2872.814233333333,15.29,67.16
84e95b2f28065d3097dcf1a17f690235,ca9cdb01b38e26a7d92e375d01f8197c,2026-04-24 19:31:37.906,-42.87,69.37,0,868ed6e535ab10910fa83d517980b97c,10143.464849999998,50.5,64.34
dc3ec3c2c3ceb1b71f49cf9e378d5e5d,4ffe240e82c99a7c6ef24d8f29edf313,2026-04-24 20:27:13.316,-27.4,59.67,0,1a43485998c89c5b6c347cc10acafb87,10056.467066666666,27.55,59.27
33bf4778bc3af35444bb135d70bb074e,575484f79510c5dd46d0c5d9395e55e9,2026-04-24 21:46:05.876,-47.59,62.48,0,412e91de9a59fd7bf7f1a98cf5dc54cc,39361.02521666666,31.74,62.18
b95903641056f0f3277c8adc02b2887c,7ffadb7d8335a88dbf99328129dfe287,2026-04-25 01:21:00.567,-21.26,63.9,0,2a74b363a3b3840c86d9885a04ef00a7,11640.68755,43.72,70.84
38923814f658cb43daca11906c0573e3,1c7c580efca39c8bb5bf615ca032be9c,2026-04-25 09:05:15.127,-49.07,69.03,0,7b37a975361bf95ff2d5d9137e553930,4260.496433333333,34.86,68.39
dd1a2459a325a4cae4c7439977c0614c,992f06f661de966ffe44098036d87e28,2026-04-25 09:42:23.976,-40.34,72.0,0,1ad7a9b8012247ab53564eff43beaaec,7094.6010166666665,47.1,72.31
c1f398820cf084697b2bfeda5d3dcdb2,14f47e05a1cda3ffdbfc1645012f84e0,2026-04-25 14:25:45.224,-49.38,67.36,0,985fa56f97d3187fbb55605d89044444,6227.1041,45.62,69.03
e8a35afa9496e35e807ff642815f5d94,5c94e1fbecb4af39e0b5866153450b53,2026-04-25 14:47:52.076,-50.62,64.82,0,665bd7ddeffe840ba7e5a48c3b8e6bb8,3857.7600333333335,55.62,64.64
8f536ecc3c29771679273859c637b0d5,69f92491f8b47767db35bc8746aa56ae,2026-04-25 16:08:15.384,-58.63,68.74,0,be3ff0187069f448e66874db031d7594,8880.174816666666,50.62,68.44
9e5f62fc9f1d52917bdbb24c0de64e67,c995ad74d0bcc8590ceaf1216f45a6ad,2026-04-25 16:50:58.018,-36.02,65.77,0,533cc6dfb453bba503babe72697f5519,11597.348383333334,36.46,64.84
7493dc0cff85b6eb909a7fbc84c95370,deb2b7627293a1ef591c578178e72ef6,2026-04-25 17:38:33.955,-46.88,69.09,0,4379d3ff195f98a29a86c792796a96c9,21418.250516666667,20.62,70.29
ab44ebbdadbe05814978f07b24fb19ff,ffef0108320c1fd088f1217a122d5b0e,2026-04-25 18:07:29.411,-22.62,67.07,0,5d9420b06e4fd73f523ff9e83a92988b,3384.90965,45.7,66.44
3fa5b65af0585a3f3b3a5ae70fae8bd5,bfeff71c35c7f3f0922eae16e74159b8,2026-04-25 20:50:24.263,-41.47,70.12,0,213ba9050b4718dc9d170c62c064dc84,18765.673183333336,42.79,69.42
372589172522398d5d2bfa8a1ebb3143,c044895b8f3adb879f511d8078d2e22a,2026-04-26 07:00:04.056,-43.1,66.7,0,b61437c434a57c994b4c98f04a7d7601,14460.79775,35.6,66.7
31d55416de96809bdd13fe06b54ac2af,f55fefb243b41cd63d1855b58bd4ae93,2026-04-26 07:14:12.252,-50.59,66.03,0,218c8d7b7d1c8d2747863e6a662eabe9,1301.3800666666668,15.96,66.8
ac11e86f3ce5f5014c99e9ea38a75fed,606d55e546cd6b6f1e53f9b5b7e06546,2026-04-26 12:43:09.314,-33.1,69.18,0,045c6934e12ae79fed18b1186578cd9f,15597.763333333334,26.3,68.49
b21181fea97df48ba96194242cae222a,ea49a7fb0261eb138d0b39d33a07fc62,2026-04-26 14:23:38.760,-28.83,72.35,0,06df36cca3814c1df541a745c89c3d02,8557.813833333334,23.55,72.48
4d5424452e25536d67fc8dc88ed99da2,2acaf6bf8da6a6a7a3e0625965616c8d,2026-04-26 14:40:37.960,-47.04,72.42,0,bfa62e422789d393aa005307196c6f9d,12670.52055,40.45,71.77
04ddadba75be27c2b4bb5be95d430279,f69fb46d5c897a0031a59c103925adc7,2026-04-26 15:13:57.620,-65.45,66.49,0,4450266c78de9ecffb2b53ad7abbca3a,9795.920316666667,52.41,66.49
b75e806c062e8e03fbd675d12f3014c9,9c86a13553e596b0d1ec49dc2a14e53f,2026-04-26 17:14:17.232,-30.48,66.2,0,9a01bbb8bbe779b0f613391a583dcd5d,1688.9513666666667,31.27,66.2
34e6d708ba0915a408721e7affd55902,cb32fb8b5b586cbd83052dbfd3dd7510,2026-04-26 17:53:34.407,-35.32,67.34,0,652c1aa5ff6931e9c2f68688b8994da3,7131.846916666666,36.89,63.94
eb0fb906b3210c75e6f2b65022994793,a9f0d126d7e908d2bb21fea3a686b449,2026-04-26 18:15:22.524,-46.33,68.79,0,b7db0ef15d2f4c7811a1b5f6db53357d,2823.7694666666666,47.14,28.9
677b5ef8762fd8612c6fd38826be0379,e793513ccf5ae6fc9b232ca96209232a,2026-04-26 19:00:07.677,-47.12,70.74,0,ccfc10cc21bbab9c440a2bb9380f0539,17252.2785,45.27,70.14
38ced548b77ae4129b11d7b84398e8ab,25da9363861387589d3050c2be51bd5c,2026-04-27 03:50:39.330,-49.75,67.8,0,3b51ef2f6a9a35053e3fa7ab8a08c374,5767.264283333334,53.93,67.61
c2a661a12619a87ee9df6ec51931797b,e26ce152747c5f628accf54c32aa24c6,2026-04-27 04:45:57.549,-36.6,62.36,0,7cc2e791189c7533d41814a83564cb15,10102.481783333333,45.78,62.25
a3174aef5f4c72ff4da52e3f59182139,a716740f20bbb47efc78def8bd804651,2026-04-27 07:23:04.487,-46.51,69.05,0,53addca31f0e1382cfaf10280695ec14,10080.878766666667,28.79,69.05
e19307ed92b144e3a517b5abf8df693c,d134681075f419a113398d652c72c834,2026-04-27 12:15:58.990,-38.36,61.07,0,ccf03e7e749a6b1eaae197a7559bed17,8120.214866666666,38.36,61.07
4bfdbbe67e72bf58cdb9c14f7f547ff1,b59c83d1f0d62da0990dc4769d7e9b24,2026-04-27 17:12:54.886,-40.55,70.45,0,5b3ed7c053743420a8693033592a1176,4676.201983333333,45.31,70.59
14f78286db3833f251148195083546e1,269cde38268ea18ed2a6d2df04be3818,2026-04-27 17:28:22.140,-37.82,62.1,0,16cb3b817e680457962c9f801e6dacb0,15856.26845,37.31,63.1
d137845050c422076c50190a31043114,a291e08f99482b31a4fc6a05e8c87355,2026-04-27 19:22:13.087,-20.01,70.33,0,5dea11767abb3113c952993be5af7814,6484.883183333333,36.35,70.33
5e0ee27e74f9958d0d06a8fb8cb9a8b2,f8b3f175a784aac966de19d00d474ec5,2026-04-27 19:34:39.778,-31.91,69.48,0,a80abd072f59335d06cfb44069a5757f,2868.7490000000003,31.46,68.69
b93bd1a91f5d7e460a4869a638bb77b1,e9453c0467b7ea86c3d237f0e04add93,2026-04-27 22:11:30.988,-40.72,66.99,0,87e517b5bf4485961bbcad74eb4ff727,10081.006916666667,43.21,66.99
41feb4a61afbc8996122f077c5234e59,69b4a05edf89531af85bfd566184d3c5,2026-04-28 06:50:42.772,-45.62,70.23,0,c3bc4e9819e97502d2349f9606ae4b3f,10136.3893,45.62,68.29
d2b2099902e1f813cbc492f3ab482e9f,0202aeae8916710a08464e15513a362c,2026-04-28 09:28:00.253,-35.62,66.7,0,f0ed4401d91bd7f266888127eac9a8d8,5450.392333333333,30.62,66.46
005aa7d561c71bf30af8be28bdad87f3,ff90e96bb9eb962383f067b2f9261b13,2026-04-28 10:00:41.017,-55.54,61.7,0,999999733b68d731b00e8f9494c9f436,10174.608083333333,35.62,60.07
7660f88eb9993a60b0d68c2043e65d02,3b899d28aff1ad035f5763e82c0b6620,2026-04-28 12:06:28.128,-20.62,65.01,0,c37fd7f6699ac95c6b8c1bf2de07c53f,19594.70481666667,35.62,71.63
089c5143d1c86ef28239e6770ffc0b6b,b7768a97a30a8716b261e3718d0015df,2026-04-28 13:59:37.329,-33.16,72.48,0,2f1608175691736855d6078aed4bda0e,10087.981783333333,26.37,72.28
2d2f0bed87793a1deea811ba45078f47,a907e8faeb9a898812c176004c85b163,2026-04-28 16:52:45.805,-43.57,71.14,0,c4b142bdcaea65dc111dbdce6024d4cf,10055.46975,40.91,70.84
b02852db4f84c108c7b4c97f9a15546d,fdee3dc2686022e35cd104b3d6bfda00,2026-04-28 18:28:43.707,-92.9,31.49,0,cc7be71a90e6e8df34e52f299f1e8022,2238.5158833333335,131.07,26.0
6723d790c7122f3e7a482cae61d0214c,6e3a25d0dff98488a2a2c54227e03901,2026-04-28 18:31:00.844,-33.79,70.99,0,365149307c7c7d91ab370785f5e6159a,38585.000400000004,33.4,71.99
c1a9604feab524a43623ab21180e5af6,d69f87d6431b3373767e0b83c67c3c49,2026-04-28 22:34:07.859,-15.62,60.0,0,06441deb0d2295dd71714052c8f80699,29480.87743333333,25.62,60.0
0e2fe572468d2ee6ead8f45d0b56cf16,a989fcb7349a67398c38c25ab237e318,2026-04-29 06:29:59.651,-46.43,61.25,0,9e187ee8d30a96934fead913427cab1f,12957.44485,49.7,61.25
341bd19e439246681e9f2347cdadcc8a,103c84b65bc815ac7bc3fd798a174472,2026-04-29 06:44:58.564,-31.21,61.99,0,76ccebeb770ae5a557327645969babf7,6959.690916666667,37.89,61.97
88accd210fdf8b4c282a3d2011a89904,88800cf6af8f99715c7340b79aaddd9a,2026-04-29 06:52:00.589,-30.62,63.43,0,36bdd0bcc0bc81ba5b8d1c8e6b8ae718,8633.932983333334,35.62,63.29
dc5d02d536831d45ea65a13ef809b3a9,95054a9d59a7d06d9446459da2f7d59a,2026-04-29 07:15:30.072,-17.02,65.75,0,1f21bafd12c7fdaef0d9f193f19d13e7,18221.40566666667,13.25,65.51
5b8e6c6ea96f51264d9028704cfd83df,f8d7c31f78924d473e9e60807a589ffe,2026-04-29 08:50:15.347,-28.27,66.2,0,e67735408510351f55c8d86867b16ca2,10107.84755,28.27,66.2
93827d0d015995b42404bf24d8800c74,0d3aa15041d01c2f0b2a0878afab23fd,2026-04-29 12:56:57.652,-30.62,64.18,0,c5e1d7e933297f6147fec7e78daccd00,11337.752133333333,35.62,63.66
4f82964649cb1bca207c090301556189,d69e0350cda2b11d80ddb4fc0de3b870,2026-04-29 13:07:21.770,-20.62,64.29,0,e94c92a451a6da7e1b5d2394ca99426c,4084.873416666667,30.62,69.84
7146d67564d14815cb27dd9e204bfdd0,dc3a5d40de1995f0582f3060dcd1f59b,2026-04-29 14:07:36.283,-40.62,68.62,0,0d4fdc620ff127cd55f82ea1fc15dc69,1298.1824000000001,22.79,69.84
af9a0ab8afc0a32437e6b34a56e41494,134758f61a18a6aa80e28cbb7e4ddd63,2026-04-29 14:40:46.794,-43.96,65.2,0,5479b8e0932f29d7261e2bae548704d9,31359.462183333333,35.62,64.7
2017d095e8072f922386e6083b973a5d,12e245d69c9d135ecf38369d85b2161c,2026-04-29 15:40:21.440,-41.82,70.62,0,f4c83646ab061ff52c51d8153f9e36f5,14429.876483333333,40.62,72.18
452c5f450f1bb2433504eb89489e0a28,33f0205375b55ec43a9004afa737a6f5,2026-04-29 17:33:30.404,-20.81,65.79,0,3ebb6abb1784a6a245cfba48080c6bc4,7326.853766666667,20.85,65.63
09aab18b93c2fb749973c50babf86b86,3799120668d31fecb7a8478b2697d09b,2026-04-29 18:28:00.229,-35.1,67.82,0,19000cf6d26a470db707b48ddaf474d8,13548.844766666667,42.48,67.82
cc7197bfa75b01b354b6deda80ceafd4,6686da63466bd9210582259bcd9b9bd0,2026-04-29 18:42:10.055,-21.71,71.45,0,238b531e0fcda7772d000dff53751afe,4121.333983333333,13.88,71.35
7fd31f25580bdd8f8160ca719e01755a,52afde538ff8959aa8d30de80e41548b,2026-04-30 07:24:55.067,-20.35,67.85,0,075cad1fa1c027c1a0c680300069f68e,4949.4634166666665,20.35,67.85
b8008fb86358202a50777a097bd183ce,9ff55a70b51b22ea9aa96b602bd36b26,2026-04-30 09:06:15.514,-10.61,72.28,0,89d86a40d9d98f7e258921a2ae2b45c3,2113.1213333333335,12.17,70.19
e92a449590483463a8618682e5ea04e1,5d76b6203ad4abca3557c4073b241aa9,2026-04-30 09:17:36.057,-55.62,68.69,0,f3cff9532d519e4d497ba89d319e8d0d,8600.64035,55.62,68.49
1f0f43ff2c94ca0f25434a8132e47148,7e3dcff98c309b0e5387a6d3b11428c5,2026-04-30 10:05:34.591,-44.09,72.02,0,c6914860beca91f7127a50217dd5a5f8,17878.145533333336,42.16,70.72
2214cbd4a722bc49c897cbc54865a15a,e24f56e01beee3e00acfd71d7fd5dc7b,2026-04-30 11:25:08.656,-43.31,66.2,0,702120b09062d07eb0dbb42ffb6c9bd5,8719.740233333334,25.62,66.2
3b3acb7abe7461343694562b122e901f,c21324019235db2ce866289a4a93270a,2026-04-30 12:53:30.491,-25.71,66.2,0,8010c8473f8aa035724a3dcedb9da17c,14441.189016666667,25.32,65.97
d3614856ade22f331c943499e51ce966,cc0c162bfc79f6debc6a09033d761619,2026-04-30 13:06:23.640,-35.62,63.59,0,502705350b5946d45582ebe30d0030f5,6015.1027,38.62,63.59
236067c9ff8a30d2b61502dfa1fdf816,fd16019c30b8bdb38f94f3d76a0a4f58,2026-04-30 14:50:05.979,-29.11,68.5,0,e4f42b2d4a7d81498f87933330194c75,7261.847316666666,45.96,68.5
f0d20eb1fa3954a8691ad3e20cfd59da,e3aff3fd9a07e6ce15a03bf26fadedf7,2026-04-30 16:49:23.750,-60.02,69.95,0,91d68a102391c5a9c41716885b6d49a0,4288.292016666667,15.62,68.95
f8e7763d2c5b4139795e66a0d2d8a0c1,5ebd8e64d9f52455f81cd88b5f94c1a9,2026-04-30 17:12:03.795,-40.62,65.74,0,f84af5e456e42933dfc6e8f44ac1e67f,5838.367,60.2,65.59
02ff41012b75377b1518d54951ce7e73,69455a751e15ec94d4419b5c3de15d14,2026-04-30 18:08:53.210,-40.62,66.2,0,d6cdb1b44d83f688b46fdd21759f9276,10702.6533,35.62,66.2
dcbeabd0d3a438516d799f8421fe3d7a,bb84f0ecbd066c390fa093a853ae7d8a,2026-04-30 18:18:23.333,-39.89,66.2,0,f631c9d52e1b7b0f29fa6aa373354bdb,9145.572483333333,24.87,67.2
031bd5a74409b6ae4f05283732219370,5fbffa4878e22e7dc76873041b2e9e9e,2026-04-30 19:48:07.820,-30.02,61.25,0,de811b217f0fd3c81da38ab8e078aa22,6289.0087,35.69,66.49
2a7bf6451c88aeffa72ac6d1baea5928,5c7abc43ba383edbfcf188e8bf2d0307,2026-04-30 21:05:52.292,-37.83,62.09,0,d58f2be1bfabf44f2d4b6703e18c2b9c,8788.833849999999,45.24,63.09
873d658f23bb0a129d7a11d902e6a301,98712c309e011da41d06b693c4a7378e,2026-04-30 22:54:34.081,-20.08,69.12,0,899dbee2549cf683a2c0a55560fa8cf6,6326.574716666667,34.76,68.62
2444f0b3139f2e59670948bfb728c736,bde62e9fe25c3b71a296939a595a958e,2026-04-30 23:24:51.000,-35.6,69.99,0,ca442995dfe0ef1f8321efd6d3f1e741,4229.0256,61.84,69.84
9780514f8c0b75284a40d99df73b9790,0114c1df8eaba663ad06a1034b8b3c97,2026-05-01 09:45:16.430,-50.71,66.53,0,9bd1bd4dbb2fc03f05da0490e45c7823,41274.311133333336,50.75,66.46
c49e9009e1afa4224d8edb25d1c4833d,bc0a135778aa6b5946565429181cde44,2026-05-01 12:36:01.463,-67.07,68.75,0,3d2fec4a1f1db747f3b0c1202ec08e60,46085.2166,35.75,66.37
cc8d649a3b778549427a5b943c54982a,e8502539f2fc95211521dc1c454891fd,2026-05-01 13:34:57.908,-26.57,71.57,0,02a5ea0c1f261bc4c0a8b1d63aeccc1f,4687.5617999999995,33.48,71.78
20d77c834301e83eee62830483074937,1c9b617c9d9ab6abbd975488d411ca07,2026-05-01 13:37:58.654,-28.27,66.2,0,1a3ad91a84dcc94b87f21b683e34133a,2623.3796500000003,28.17,66.49
77a311df274ba59326cfc3c4c9b34d92,53b27a3cd559206cd3a92eb5c88ad866,2026-05-01 14:36:31.963,-48.62,70.59,0,,,,
2fc6685dba7279a978beb27201891699,1140471e05031be2011305ad2520c8e6,2026-05-01 15:06:35.849,-40.62,67.98,0,6cbced81fae724fa659603acac2468e3,37290.885050000004,27.87,67.4
6735baa39bd1f500f7cd2a7faef70fc4,f344778db2d70377753ff300e7c30e7f,2026-05-01 16:37:11.128,-20.3,68.1,0,a62946dad45bde711a05f7b452065973,8410.703666666666,34.98,68.1
6f1eb8a9930ec6b9e17f48f27ae6ac11,ee203fce14b77f89ff4cdb458fbfe272,2026-05-01 21:56:14.477,-29.78,62.07,0,7c1fd82b8fd6cb13d3147ca5656bc8ac,3114.421933333333,29.77,62.1
8b63570597ecb3c9a7580f445eba46d1,8091ab97c2ca5c1cf506b285773587ba,2026-05-02 11:08:16.374,-25.26,61.07,0,a74372f82730b032a5e4c027b5bc2f55,1536.2517333333335,38.36,61.07
a950a4967541494a6d58e48c885c5e00,8d7a39982fe33217eaa9590476b51074,2026-05-02 13:42:57.641,-64.9,68.99,0,ea5c48af005e28a4e0d6e60686d4b1dc,30229.646466666665,49.42,68.49
19b5a872a1628cd33f64a061b17c7d3b,6d8efa634cc0ad8a8ec668aa79a5c717,2026-05-02 16:46:12.642,-30.62,59.0,0,1078ef8e896701ce1669ea60787da836,4345.401883333334,35.62,59.0
55963663b0deec033a29d4cc2501e835,a051e375de3419855e397795c7c53de7,2026-05-02 21:41:49.812,-21.72,62.1,0,4fd89a3986e404c6f755dcfb1c4e9fae,805.3852833333333,21.72,62.1
1889b9a1b6a8e64ed2e25dd0bf5bc180,582fe576aad4a70218d916e8c3a2594f,2026-05-03 06:17:08.333,-34.96,71.95,0,304abb8c8aa4fc6da84d6b44719b864f,2597.6285999999996,47.38,70.85
8910a3e2f3dc0125aaf949ba5fd09c80,6b778fc039704188258e381f14429fee,2026-05-03 07:21:47.546,-45.62,68.15,0,16884cac3ee5105521819cfd9e459196,6661.444016666666,20.62,65.87
4ec2f5985a46ead2bd8757e776aa8a13,b72c92a5a42f974253e0100c7dfd3f29,2026-05-03 09:27:39.594,-26.62,72.54,0,0a823fde39e9533f7eef6418958f6407,12185.561683333333,20.62,72.89
baa108bda60128f90bbee90feb358516,793a70762e059dda56460c3debe4c247,2026-05-03 10:57:29.981,-65.0,67.36,0,fec3392865966fb09ea91256b0ca98c7,7166.03315,72.42,67.36
0cb641a6276747a5b345ba9b2fe4cffa,0e845d976293b5dfa52aa24ea385ddfb,2026-05-03 11:39:57.568,-15.24,66.5,0,aea9b05d52c9c123cb323c9821747028,4578.75705,33.16,72.64
cab348e855d6d0b62842694b49c88410,f10462f778f64103df87b8dfcc77033c,2026-05-03 12:06:44.087,-54.79,67.5,0,0622250fff33fb5463b433ef00c7be46,8272.559116666667,52.94,67.45
b25c3f8f130a456f187d907bc4dfeb3f,1b80694da022c9aabfdb54e3afe7cb4f,2026-05-03 15:48:04.491,-55.26,72.54,0,6b80bcc8bccd5794ed2d09d3f91975cb,3105.9127,35.62,64.6
9013d3ea8314397d5ad03e48ac602f03,dbf820b33aa0c615f84859b77dd81673,2026-05-03 16:24:13.015,-27.04,66.2,0,39dccb88a10d1c13c040b0ea4aeaa32d,3203.351333333333,27.7,66.2
c1f82a709fe3847e9dc63a9d58c1875a,58b1090c13dfd846ad7e834b3494706d,2026-05-03 16:56:57.461,-15.62,68.69,0,7f57cb61b017b85b4ad354b23f04d437,373.6021666666667,19.49,68.69
bd44dac2845538f07dfb77494077ffb3,06482755ece2596b58578c607395a8d0,2026-05-03 17:24:49.115,-41.05,70.55,0,2b340b6a033b7460259b49107fb63420,632.3862666666666,20.17,68.7
b05f30678a6934643767af40fa6cec35,ab1e0758d097bc7682d92acfa823e7e6,2026-05-03 17:25:36.121,-45.62,72.38,0,c466f573df49d788145979dcc70105cc,2956.9773333333337,53.89,71.48
8e6a216331f7a23f00519b420a93b7eb,8be4c2588a2c992ae2f55f36f88aa597,2026-05-03 18:50:37.137,-26.73,63.99,0,e0fdef3d19f2929f8005202459d1b25e,7672.753416666667,16.62,63.69
6320a82934b6db4204c41ff8296ff92c,3268f5d441d2fbf57cc94cf0caeca78c,2026-05-03 20:52:24.417,-38.59,67.98,0,4d5b1a4f780f17b15f40dd69ec9724b6,4633.137449999999,42.83,67.61
47c636707f3ca04a988bd91987e24e4f,896d49453429d99af3193e37fe10682f,2026-05-04 07:39:20.373,-52.15,71.03,0,b24cc7f18749f3aff2fcac2a6aea800b,37013.08938333333,54.21,70.43
7e50f35c45d7ed3fae9e7eb6a3cf33e3,6eaedadc931416e54e1b7922d6ee461c,2026-05-04 11:30:18.400,-45.62,61.07,0,75a812192f649c39d8910ed422b1d397,20390.885333333335,45.62,61.07
f5b14ef7e05353a8e614059b74551ca3,1494e303f92e1764409f7ac4f23cf921,2026-05-04 15:29:31.327,-43.5,65.97,0,6c4c57972effc29dfc22ccf93363a1d2,5869.830883333333,43.5,65.97
badf73156b1c0aabcc1c14fe2dc6bbab,cc523d66ce1fb95cd17c26abf445ce7b,2026-05-04 20:05:38.808,-27.1,69.8,0,a9f40bb21f23c6550d22e92c10bc0b52,13374.352316666666,49.0,69.15
93a47a419a8d66faea19bb8e3566d93e,96a925bad15fbdad5a3cdfd143bec9b8,2026-05-05 14:25:33.613,-10.96,68.74,0,8fe4ec93d1aa4596976efd6a4abf9ec7,15826.132666666666,52.15,68.44
9bbbc15be0d89d75a079c60de83dd456,1445dfa594f853b9378c26c64a3bdee3,2026-05-05 16:37:26.117,-42.93,66.99,0,fdc88ad276d8c02949fdde72fbc52c1f,5641.01835,42.93,66.99
1562a389a8fb74f8fc7a998a0971ac7e,b5cb986c49b07bbf6fbdbcb470b21410,2026-05-05 18:37:56.103,-66.39,71.26,0,e205e6abf41f7f1c2f7fd0bc66c4f08a,7798.080666666667,68.56,70.56
132c51fdfcba47833ed9ccb8cae682eb,0b4f185fd7815749ce4a1d8f46d831e3,2026-05-05 18:52:33.753,-15.62,69.29,0,5d5220d6c36c6ba39fcf2d1977dd514b,33078.636666666665,15.62,68.69
7d1f6658cc5ee4d8b9e4ba566fb1ffe0,49a05bcfc32f59aa8d6c20605ead5afd,2026-05-05 19:40:44.132,-37.17,63.39,0,9652a3799dbf453f5bcdaaa71ba4dba7,3307.1930333333335,35.67,59.9
c4ecb9266d8aa99d03037f71e8a3b348,11d8d15ec58a399481eccad23a102b17,2026-05-06 10:45:09.560,-20.62,68.39,0,43eeb5f442b3c84eebf8946131685d27,2834.631983333333,41.2,68.21
cd82c05a80522f45ed728e05f7ec3828,e89261a58daa6c21d78141b67799b2be,2026-05-06 19:26:41.127,-58.03,68.68,0,5ab1ad3c7e35e4f46af73065db540fda,11499.429849999999,58.03,68.68
54258cba10a8f5ac941fb4db3ce94c37,512417e2bd8484e6cfcf88ef827b175b,2026-05-07 06:11:25.783,-20.54,66.99,0,36e6ba33813f73a123d3963c6e6aadd5,4905.684533333333,20.54,66.99
67e3c28d32c11b02d987e4f89ae9edea,ebe601645813eca63829a3661a1fd2d0,2026-05-07 07:53:51.773,-41.13,70.37,0,515732d5865b010f4323730d7e63fea6,5318.425383333333,41.13,70.37
9e9793b6cd71ae805fd5c70cebda2671,d2a12c25ab9636b2fec7fe438103a33b,2026-05-07 08:08:07.270,-19.89,70.03,0,c1521686ba742025043b17c32a2fd1ad,8021.374033333333,27.33,69.09
10152555177806ab84963cbcd5f408c7,6adb0c37c000232cbee4e40e7fee6177,2026-05-07 09:43:34.519,-30.62,63.89,0,8474513a4837ae760ccecb7072de6125,15561.7891,30.62,63.89
750ca2d0c3a1a85ba5fb4a4f14f51584,e2ed0053bba9ee756d6679b66b65b05e,2026-05-07 16:00:28.777,-45.62,66.2,0,633f62be7f76c91b633e3aee39faf127,1302.1017,19.98,62.1
8cefa9e8728a014937e2e676c0dde49b,4c1656039d2f1c53a126a062f44f7edc,2026-05-07 17:10:31.956,-34.76,68.62,0,5bd519e072c9afc7c5c15477aee9691b,10136.956866666667,34.76,68.62
9c61eb6ce8b51cac0038069627324970,a46ec2290807c6cb58bc5a0061cdcc77,2026-05-07 18:49:15.390,-50.62,70.19,0,80d21b80f22812f9077d68acdff4159a,11461.005299999999,51.62,70.19
c863949dd048df402dc98e36651eaed3,343453fe72488df40922fb95fefd1135,2026-05-07 20:29:33.104,-33.62,59.72,0,7253ac63d3f4a41d7c38ac1e3770fb53,24750.372133333334,34.62,60.07
83efa3eb0d1dc20d421b4d841d50ff04,2f0d56a6c7deba297eea616c2f7327d3,2026-05-08 00:27:53.093,-63.59,68.99,0,aa6ea11406cb63de0307a8282f4f3974,4567.704883333334,33.94,70.62
2d4f048ec66a1c9098af5f0ea1fa2333,60861762672d4bb2bed61e9ef99b3f62,2026-05-08 02:07:28.105,-35.62,67.44,0,8f7bd4a40c75236e3adba89bba83054c,8551.756216666667,35.62,69.9
57104c73976440b00ef5f2683d2c54a8,9cd78138d4bbf93d17580939357f1690,2026-05-08 08:27:37.372,-34.77,67.86,0,d9d31d0d01e6f306007cc0baf77e4563,6564.330816666667,34.0,67.89
31e07c52978ceaf824c67ef9a6dda996,c231ca50f7de9a904595d19aca30e75c,2026-05-08 13:14:52.813,-51.44,72.21,0,12a43bd666736573f19d00e50614241e,15588.530266666667,36.93,68.84
109c7b3210cdecbe6970880a33975eb9,079aad06376db04310859909754bd238,2026-05-08 13:39:53.929,-35.62,69.46,0,d30039e0609429c295c0b7734cdf455a,11603.154483333334,37.46,69.66
04346a374215957e23aeefd861339c0f,97080959dcc12bf80b794d9b6a299ccc,2026-05-08 14:43:43.375,-63.81,71.25,0,116d04e3c1b1a4bde4d35e7cf0a3b89b,2736.126783333333,26.29,72.54
d18c7be32a46ef622cbce4bb55ba538b,0e4b89c0b5634cbf87c9b338f2536766,2026-05-08 15:41:19.947,-25.73,65.97,0,8367c832c49267f453099084ca262cc6,3279.2890333333335,25.62,66.35
40ea42b9fa2eb002d1ddaff6b464e986,9de8cc34b584bd5cfe64f9f2794e5319,2026-05-08 17:04:59.564,-35.62,72.6,0,166235c51e706afb8ee88511c5fc482e,38696.6501,40.62,66.0
40b7b3ff9a57dde7d7754e88404bc98b,9122e83613a0e07ebc41da2efdda607e,2026-05-08 18:15:50.181,-13.09,63.14,0,,,,
dd6f2075ed2aaea887d60972a753a6c5,c81ab600e38c17e26c504e1f644a7f71,2026-05-08 18:49:26.116,-27.71,67.88,0,2ebaadda09912643dbc6e24c149f9f5f,12217.441066666668,20.35,67.88
c6b1c25c9a7405f6d729de13053d3be1,5c2b1007452c6cb0ded3de3721f909a7,2026-05-08 20:18:03.757,-45.62,68.25,0,c19776d0a00868fff4709cc859648ae9,17297.5595,45.62,68.25
8ba5f1c8c6067780193bb223473fb615,b585ec773e9a9f11fdd714aaf64fc22e,2026-05-08 20:45:02.518,-48.71,64.98,0,a03617e6a7ee0061c879756d16079bb8,9965.404983333334,49.38,63.99
4297d5f6466d2a66b4243ac3bb6572aa,4a354b2011cb132250d65d9b5233eaf8,2026-05-08 22:01:45.249,-25.17,69.0,0,b6ee7b7f5df90b8c7e2bc09eec9d337a,1448.03785,39.69,67.49
2f7ee836ac20885c14349d88f766d057,8b0cefe0087dafded8bc8a7056030b87,2026-05-09 10:32:20.659,-35.69,66.49,0,5d44460bd85e99b06e7adcbb888073c0,15327.747883333333,35.66,66.57
26d60db9c785ba278c0b831235d95c46,6d0c28c25f427a4ae81cf1b19cd61018,2026-05-09 10:41:31.094,-37.62,62.49,0,a3ee3556d6d42abb91852030cbc704ec,12677.978383333333,37.78,62.17
b9d58b5aed834bfc9c12fbf7d1abda74,bdc13df6e64ba8dabc54b8fa0cbedf47,2026-05-09 11:09:23.172,-23.68,72.29,0,d373d7ce5c86b9aefa7d22a4583d86f7,1319.5615666666667,58.69,76.19
282b9a23239f951f86736bffb22bfb5b,031a67085d3cb11676db64e67b2ea80f,2026-05-09 13:31:18.273,-34.34,68.83,0,daaff68cbe28da2a6a462860485d4ddd,28838.793333333335,26.64,68.96
fe9ce790f3b815a7ffbd9bfd1d3f5721,7d142d41b0a1c70d43ac9d8787061386,2026-05-09 14:07:31.079,-28.67,65.06,0,1891e205001cc16acc67a6515f307ccf,4664.4135,21.04,64.82
d2d17928e5547d4c9f8b5c03359671c3,ace0bb4c16f6de6ca439e2212b18ed6f,2026-05-09 15:08:57.972,-38.14,69.18,0,0939d9bb082725efe2e21d34f59dd634,8318.170866666665,30.67,69.29
d8f94d1384651c20c3672da5923731c2,d4028344a46efce6f0527735ee833f01,2026-05-09 16:10:01.030,-19.9,69.99,0,a9359160530b784f798a0310c859bc63,1400.9460333333334,19.9,69.99
1f5e384ffc9d2772cffd10df9a793471,5bd169ef2edf393d2bcef12159f5d64f,2026-05-09 16:30:25.984,-34.55,69.46,0,3cbd676575b05d9bb713592a573c7a3f,21554.766133333334,43.22,69.2
33b75b0137ae9911c0aad480a7821890,187d0243b006bb41e0e0d8e8be8b694a,2026-05-09 16:44:03.781,-47.22,68.14,0,,,,
37618b5d61b140753a0a25ea58f88e55,a997483405894714c7ec51936167fd6d,2026-05-09 19:12:15.673,-34.59,69.03,0,0262ad36808f192ed66b406cc9ebbea0,27482.5373,41.87,68.96
263acf1f325bd15fc750badaf29d6cd6,da1183035a7dc5275d8a181235cdb2e0,2026-05-09 21:21:03.988,-40.62,64.4,0,5f4fa97beb175b739ab02a84abb5299f,12882.796016666667,36.76,64.4
219883bac2827145c615f3031f4ad556,9689a51208021c6abf109debec24725b,2026-05-10 00:23:17.113,-23.25,68.03,0,989c27967b36b71b20caab97def9c216,11967.034000000001,34.63,68.92
32b9f8459739873d8f4f9f5269961d3d,ff90e96bb9eb962383f067b2f9261b13,2026-05-10 04:38:16.083,-55.62,60.57,0,6cb2e589a936cf48586c52f6756e9502,7044.261333333333,53.01,65.5
da936ecaec7bb70fc4c9e0399676adf4,e4516754716ca8d9433d94cb4a94307a,2026-05-10 08:17:49.015,-17.08,61.07,0,90fc702fa32cf82a2f5cd6a5b38ec462,2586.6416833333333,20.54,67.0
91be6b0b4c941e8a5336e6020cbd4cd7,e696658b97ca3e1e3a77714e0d9b296e,2026-05-10 11:34:34.461,-45.62,72.99,0,68a39bd8e3d6d727e6fd15af35d5ca28,9461.919283333333,44.4,72.79
14e877f6c38ed4ef59a9957078a8db00,53076be36919b757b9ac23fa4f2c4250,2026-05-10 12:55:41.933,-30.62,70.11,0,304f252ea2ca08377a2d0448f7388ff0,8659.556183333332,35.62,70.31
8688705c037e99d0eaea0661e1921f08,2c7093dd79d8ef38730487847b69ae30,2026-05-10 16:32:18.452,-47.15,67.41,0,5c3b4cd2e4fb9c75642409e07171ea92,20719.536849999997,50.22,67.26
88a20bae60473525066690c225b978e6,95591d20211ccdf12a46b87015ec303e,2026-05-10 17:03:11.140,-41.85,66.28,0,0eb5e7f9389bc1274cf198b29d34e43e,15615.146783333334,20.88,65.53
2a46bc799a89cef17760f8cc95113074,43ac9f8e6e5a110d04f1a55dd9b8c6bb,2026-05-10 17:26:43.988,-36.02,69.9,0,6249f7ee5bf1985011f296a80014d2bc,14243.096366666667,39.62,69.9
eeec4c22e9e8ce77742beea51ac357f9,f52b68f4c700dd372cce8f8d4c66d0fd,2026-05-10 18:31:48.016,-52.17,71.72,0,b9b5fc666f69addc6f6fdb5963292192,8396.526566666666,52.25,71.31
4f0f04649b44bcc3870c75dab2124906,122ae852578bdb024953121de37372c4,2026-05-10 18:44:33.513,-19.74,70.8,0,99b43ac48a328808ed28aa7d6e7c60e1,4123.320266666667,50.86,71.13
88dd485d86756420422cb6d17a55a14a,5f0a9a835ccef2e1d31cdf5122b22487,2026-05-10 20:53:38.637,-29.64,62.89,0,425d3ff3b6d1ef3a93724c9e40c47f1f,1663.23965,37.83,62.09
d4eb53c0612af18f49de1e2fb4028902,05c7fdfea0cddb476489dceca2327583,2026-05-10 21:59:26.653,-22.81,69.79,0,a8dd89a47dbe96f435714f7f3b57c9b7,4370.396433333333,27.11,69.79
b0131bba1646ca264f494ab101341447,c771891444dcaac48630d23666bf62d1,2026-05-10 22:16:33.284,-15.62,64.7,0,7100349f63a3ed7f72079ec2f7f05edf,10066.228533333335,60.69,70.37
02c8a225f437195c104a7eab6f1cb663,33fa95eecfd555709479de7e97815ff8,2026-05-11 06:24:42.724,-30.62,71.9,0,e297651cf8be2780de441ae11a2ca44b,12587.988283333334,30.62,71.9
b0fbaea84c3b65a6eb357ca74118772f,50a099722c41acc64bc0a6dd8b63c795,2026-05-11 07:12:05.419,-38.27,62.2,0,2818b0a16a2c6f051a3928a079fc5979,1203.2769166666667,20.88,65.5
943e5d52752efdd259fbf7cedd614ca4,01d94a592c6760ffcdfe7cfaa50489cb,2026-05-11 10:55:00.259,-35.62,67.42,0,c2cd6c7fc06f4cec8a818812aead16d7,11462.398466666667,37.23,66.89
4807e7723f69d899f1a6d0ae91841159,fde22c224923d14859decdc41759d871,2026-05-11 12:32:42.764,-35.35,69.84,0,e78d9007a6af8e13346c08eeb2a93750,12826.822699999999,22.62,63.31
84716932bc668fccb3b1078baf9ab102,772b27500862f40934158e57a891d7ee,2026-05-11 12:41:28.674,-45.62,67.7,0,d5627d8edbf6651bc1568a30a12c37fd,34031.65476666667,50.62,75.02
1a632896c83c579a5a6357efcc28442f,314e6eed869e96f7e9dc77794096367e,2026-05-11 13:41:13.049,-36.5,64.75,0,d7ba469c93bfb8ed05297152a15ecf2d,15487.936166666668,36.53,64.7
97e23701acddf1bb109aeb5fa030a0a9,42efb1c81a0a0d6c69b871b3f28010aa,2026-05-11 15:43:54.729,-45.62,69.69,0,6e00eaaa2ca3c4baabb567a62d42b601,10216.833550000001,45.62,69.69
d4c38c6d0fc8fa8bb4b298ab40f8d317,080df9690a5275ee5338616752be1c0c,2026-05-11 16:47:02.245,-45.62,61.49,0,d4d79d1e629440638f0485ca6f25229e,14678.627100000002,45.62,61.49
70a14399c6159463f0470b0ff62e2e0a,b73a5d19e23ad540c0fb8aeaa9b49398,2026-05-11 17:17:43.868,-50.34,68.02,0,61ac8c37442997e68d209543230a4f6a,1775.1778833333333,40.79,68.17
d27a3cd5925b07ff53be7c44c674db82,a780280cde6194c5065235b3e31531ff,2026-05-11 17:40:09.246,-47.62,67.9,0,884ee6a29f3b7194110d80abde0761a9,75102.80805,55.62,68.12
c4a2437108dc6bbf6b5058700313bea9,4ba7e491533fbd7b98eb10cd39c23fe2,2026-05-11 18:16:26.714,-20.23,68.44,0,2491fcc64094c8c9c07541b4c8c0d37d,7196.6152,34.84,68.44
a1f39a8b782c0fcc575e1ad1a8df55cf,2e4eedd8c4fd8b8f8f04d82077a0ce19,2026-05-11 18:42:07.448,-20.65,66.49,0,65c874eea302318eebd89356af1ed49e,10013.186766666668,28.17,66.49
54a09fc7964fcbd09c385c58816731a2,1dc6560c94178d8b55288ef322bec6b9,2026-05-11 20:15:16.280,-49.37,69.97,0,44ea6b786091818d13326b8dc9275f23,41607.88253333334,57.19,68.39
569083930381a81033a46cd9562a1321,4a4ecc906fe4d3e5dc30521a12d1b5fc,2026-05-11 20:30:02.455,-21.05,64.79,0,a9bde3e3c4ddc9a1c7f3ca28700a6435,1692.5009666666667,36.48,64.79
130605f69f72b40e0aa3003eb2b41c64,acfa20f46c9c0bf10951ac3c223f6533,2026-05-11 20:37:02.404,-34.59,68.99,0,f5bb558afffaeb1d2020cad584b9c8ca,2753.59125,55.47,70.21
a1df686e84d6e315c142a53be0f9078c,7d3b28d14f96a45ea858a4c8d0de8122,2026-05-11 22:07:39.370,-53.8,62.36,0,d2a6551510791a04baa057b4a278c388,26013.908516666666,53.55,62.3
0a4b78d137cc76d0ab17c9b7d02d5803,470472d4983b71e3c03cd607c7844612,2026-05-11 22:50:21.048,-22.77,64.7,0,003f8becb49ba0a27f140e889bba4939,4483.08545,47.51,64.45
50e31107f8e4a1b81737a1ca08e51cd7,b52ae9823800c9740912f08dc8719387,2026-05-12 10:03:49.991,-40.62,68.41,0,196dd484a8e5900afba8fcdd44e20ea2,5027.29565,35.62,67.2
53281b66882f6afa0cc726a4043f47fd,a78281b7a065c3657f60139b5dae886f,2026-05-12 11:36:29.819,-30.62,67.98,0,b3852c37a0a2d7653c2d56a4409d1717,5858.086516666666,20.62,62.6
594d58deedfa434b9240232f23837d92,c4c96350a3d7ab326aefc71d19bd3704,2026-05-12 18:03:14.998,-46.41,63.79,0,e5f6f2053e22ff0a85196d9626ee69f1,1735.1591999999998,51.65,68.48
129d8ad88e6e587db515a81940f9f15c,e52461aa1240bec6faa8a53ad91363aa,2026-05-13 06:46:57.982,-30.53,68.44,0,56f0c3cca3d29d50a4a3ae8268fcaafc,5728.4231500000005,34.52,68.39
7fcc853bb10c630640022af6b848c9d3,067402c9f0b15944bc13aa9831a82dcc,2026-05-13 08:52:54.164,-45.62,68.36,0,7db391773d254ef89728b68eff34e602,16971.830166666667,35.62,69.2
d8e0899ef38f286e9f44033d5b98db4f,e48c390097c6a331431437b0fc6f6b28,2026-05-13 08:57:09.650,-20.11,69.69,0,728cc41d228508fefb45a9b7f4c01a2a,2704.9304333333334,27.34,69.49
6ef20989da934551ff53515761b9f61a,4c969debd14652eac879c2f5c11e520f,2026-05-13 11:43:59.758,-13.49,65.99,0,c1e5eeabd667da148f2df6380dbc6e78,4630.0147,37.17,66.55
b825843af4a4ba30269708d42fc40140,07573eb9ffe4a3318ef44fc4589b3220,2026-05-13 18:14:01.232,-55.62,71.55,0,c1d8bb01bcd00ba2806281fceb9d8fe3,16197.499333333333,55.62,70.95
ada49f78623aec42f17662c74017ed9d,598b4c6d4b9e63bed324eb11a2aa47ef,2026-05-13 21:16:41.462,-17.5,71.14,0,9731aebb0d21ddc9a9877fc3150d26aa,6208.800399999999,62.4,68.92
a1673bf124089b847528d3dd0fe09852,1445dfa594f853b9378c26c64a3bdee3,2026-05-13 23:14:38.517,-51.09,65.97,0,fdc88ad276d8c02949fdde72fbc52c1f,17558.225016666667,42.93,66.99
39257a69cc3c83214a33e2e0bd9790f7,cd8269ae7c082978f3216df918fb2ab1,2026-05-14 06:37:08.648,-30.62,64.2,0,e3891e0d2f1952a5246e75f08404795d,5579.348983333333,40.62,63.68
b94a7f2b1c8f0284c67dae379d926bd2,dc1105566a73c5275cd3e4fe0544949e,2026-05-14 07:03:17.305,-22.12,60.57,0,d4d9bb4589676920dafb078e945683cc,7043.637083333333,22.12,60.57
76a2f35d08a2fc3c5bc2c31f6f4ab11c,d2795760b3ce3addbf0e73d035593806,2026-05-14 07:06:50.613,-30.62,63.56,0,e20aeca05188da80446490b8a663e479,1505.1791166666667,30.62,63.56
3b741c628a10158e945efc6465be7722,98b21cfb6728f5bd8b6f0613c8f421db,2026-05-14 07:37:45.191,-25.35,60.8,0,c546ab36d2b6014611791ac88e0a6971,1042.63835,21.75,60.8
023030d830c1fbb6137b689d2ce1c6ab,0739e07b1289c09fbc0b81090f1381b7,2026-05-14 08:38:19.293,-43.62,25.0,0,33cdb5ce3e5bd02d9e34b54b6e027765,4326.8295333333335,30.31,27.0
fa2aa410a27d626e41b966edb6105b13,b2ff1d7c9cf0cb9ab87191d1631bfe47,2026-05-14 10:22:06.026,-36.69,64.36,0,6eb807347bbc89e338db81669b38f457,20235.739316666666,45.83,74.59
2c4fe57603ac175d18d9a0cfacb153ef,f9bcd866ca03e1cdc47930ef5c7d597d,2026-05-14 12:00:56.065,-34.45,70.08,0,83259f50f10ed4e418dd2550cf0166bf,8595.006616666667,44.55,67.89
72f38870b7630abecdb22e41838a830d,d9c777d0fc5ac998a73bb06c350552c8,2026-05-14 13:57:29.845,-25.62,67.29,0,59dee5bd6372ad176f1aa752a7233f26,5573.4915,27.91,67.29
320107c4e0b2d83f56548dca5ab32a94,a8411c0793b25ea7191997bbe00d0d2d,2026-05-14 14:29:29.558,-20.68,66.4,0,e3e45fb64dd10a0f0b5035ec61958994,18777.398733333335,35.62,64.5
9144869ca7160f69252bdc5e62e82db7,76333972629bba79e56f176040bb95d2,2026-05-14 16:14:56.079,-15.62,63.69,0,9a83476992dcc648073a10318b8b22b0,28880.36941666667,35.62,63.29
274446ca8994c8f21759a5ba0632e6c1,21ed1cca6acbf9d2676b787677b618cd,2026-05-14 18:32:50.330,-41.51,61.28,0,bff987ae1f6a1c87f3226114e2a9b564,2098.675583333333,43.71,61.28
90767180717a7a006b3deb08c2880ae0,7d680ba9ec685b55f8bc8572b2f42594,2026-05-15 03:48:20.348,-35.34,67.29,0,e8540b75112f4a832f8915f958845078,4114.469333333333,34.88,68.33
33385e98c0e55e6898838900b18e1be5,0dfdc11f869c14a9c653e9bdd2dc8dce,2026-05-15 04:36:18.521,-25.62,59.15,0,92b45163e2287edb98dad65681b8788e,14414.069549999998,35.62,59.15
e3cb95326e06f61c92d111fa11c3ba74,4c8da2409640c9f45a85423b6e36dc55,2026-05-15 10:17:08.685,-58.22,60.58,0,c2686951bf47f26a3ea2780077f84dec,8780.515933333334,54.48,60.58
7fd5e880c6e8982c18f57443f313285a,cfe2d483b2d0b4fde1cac948c949af10,2026-05-15 11:06:27.994,-42.3,67.98,0,96986e10bb42c6577cec17929eab8f4d,12978.366433333334,27.68,67.98
5ce1e32ac07179b9a2ab93264b030aad,e502d15581b3e10c5e4f491afe8d8737,2026-05-15 11:09:54.475,-34.35,69.59,0,6cc3698e4fcea0ac42e5179eb4d5f9db,4137.0362,55.62,68.89
6d951a1f7c86f7cb9024e42dacef41d7,58e91708821797e573706560892adfe0,2026-05-15 12:06:44.886,-37.11,66.67,0,9413a20357a54ebbcbdf7d1eeda3f64c,3999.5913166666664,46.17,66.57
525f584e6839c9d79a12c9e410257265,f2b319d9bb0d4af39791fccb1713bac4,2026-05-15 16:44:13.496,-42.17,68.39,0,d973e0db3a0d96be680fa05bb8cefc6f,9706.595949999999,42.28,68.19
af7b046980855952c070024062057a00,65289219eda694fdd26c94035bdd8752,2026-05-15 18:09:55.743,-38.19,67.88,0,e833c2f8076b3a997621196e1a6ec95a,1372.8208333333334,38.14,67.65
f8b52d510be54542e0b86b7e2ea411e3,57f645c5b04cac574a50fbd8a7f8cbe7,2026-05-15 18:27:32.811,-34.54,69.26,0,ac6e5ec10673631a5a3461777a762752,27664.883583333332,27.27,69.26
4f89c9235058982149e70bd55f175916,d96f63731df645c97bcd1ebb9ce48d2e,2026-05-15 18:38:55.834,-13.15,61.25,0,bdcb0353c4c6736eab58914fbc9a2355,2912.51835,15.1,61.25
99cadc55be85b6a80ad5a097f16f172d,c95b0d63cc5d75307acab13c0ba04b2c,2026-05-15 21:01:37.551,-38.1,61.57,0,78fc001a2ed9f7bbb17b47ae411006c7,9058.308533333333,36.57,64.6
16f81068a7c1f1099943341276d4add8,770174be336c9f13b1774a9d98b98e12,2026-05-15 21:35:04.184,-19.86,70.21,0,06d6d7e4e523458ef54498de8783130c,400.8102,29.26,63.43
1cacdeadb6c6085d29c01c058128ce62,a370d05e72076f790c5f4e6d1d57c88c,2026-05-15 22:32:54.372,-41.68,72.64,0,460774a803fc7e66e4a1d9b8ffa92ef4,19309.14945,43.15,72.43
97f88f6479d58bf850f97bc456e1b7a5,d278871976b8a9ce9385d1082c77b894,2026-05-15 23:31:59.995,-27.62,68.92,0,5374a942529877d8e019954c879f60fb,38080.050416666665,50.06,70.56
44d5e7102e7071d04d6d5f9fcaa43556,250f31a9cbf6fe00b7b426d6e2b28f3b,2026-05-16 06:40:50.171,-55.62,60.58,0,100450d06b7ee571a6e5eab41e2beb05,16726.6978,60.62,60.58
ef2225010acad4824bc37db5dcebbdfe,830f1eafa5743817227104263ce6a3db,2026-05-16 07:21:10.151,-29.62,67.83,0,91dd762080dc1bf038e0214cdbbeceb7,31593.998333333333,38.62,67.61
6188b42b8ae26a5b7b6562eb28cb5a94,cc2341ee11ef0ba490c3a512d3c1c930,2026-05-16 09:35:47.104,-28.91,68.67,0,94c2cb101ec4307b999a87fcb13a2134,6930.6080833333335,19.88,70.11
3796dccf2ea4414f776d82af28093325,d12f132c086a2a1f5d882be95d027f2c,2026-05-16 10:40:50.100,-51.66,72.26,0,d8a6bf806f6233219405c689c058f835,4295.8374,16.55,72.26
180488137bb163437180dfc445dfe76a,3ac3595f6677d40300b074e88ed4fc8b,2026-05-16 11:15:10.786,-25.62,65.32,0,54bbd7100755a0a39cac42d0e1b88133,7352.440016666666,15.62,60.58
6bbdc7c410ff2423dfea5e86a0baf597,0982e8f52c028acc902a197dd97e52d7,2026-05-16 12:18:49.646,-24.62,62.1,0,d72488fbbf02277d937d9bf51398cabe,1117.3172333333334,35.62,62.1
dcf16729289d5ea5e914b30cd2acd525,20640e67709df236d5ca964743c39be7,2026-05-16 13:00:51.373,-20.87,66.2,0,934d5a7c13e66ac1b2f559483b17267b,14263.496133333334,20.87,66.2
7fc3ee7af961c613d6f5e1dc5f68ec75,a97a69f569fc0eea9eac4cb10f0235ac,2026-05-16 15:48:17.650,-47.54,66.99,0,2763a50f2699d392a32a6fa329aeba63,7376.838166666666,27.8,66.99
72ac26e71bbd43dcbdba321b31c2cfb1,aafb4a58eb67c39791a4e6b0cb22c6c2,2026-05-16 15:52:15.283,-21.75,61.99,0,2e5580d1ff4c9e8fe4063ed0ac0cb1f5,1572.1939833333333,45.94,61.99
ce37eccd1a8dae1103b6596d9b5e74cb,6b26670a956e91c6143cd2ab36c1eea5,2026-05-16 16:39:15.878,-28.35,65.97,0,31757f5ca65faa7b326a11412ada616e,9653.471500000001,20.77,65.97
47ef0f92f6bf3ee8c1fa22b85bc1f51a,079069d3f986792abec0ee55658da29c,2026-05-16 18:43:26.068,-17.7,66.2,0,d974d65383daab48463666815e03c407,0.8987499999999999,13.02,66.2
80048d30f0473157472a3afb5acc8510,ed571d77846e5a57d28d90f227a5893e,2026-05-16 21:56:52.784,-45.89,62.1,0,d1e4f3ace6ac6b2c73236971ab6bd57a,2078.8405666666667,26.65,61.99
4d7e395c9beb38fcd8285832468acad1,64715ecdcd1e33be22bb25beaa2888a1,2026-05-17 09:08:08.310,-45.62,71.63,0,827331ef3974c238a19376707c1ea4b7,12795.207533333334,35.62,68.32
dfba5bddcdce4efda8997ccf2aea3295,670160e4c3c945051710562c7fed8b21,2026-05-17 13:30:22.654,-34.02,70.41,0,4fcc7888a4f17e2d1fc2c2ac66474ebd,11856.151583333332,17.03,70.1
0e2531401f7fda8da8a38b964411ae22,9eb24efc9655905517bffb7bd496463d,2026-05-17 15:23:43.597,-54.46,68.89,0,e32497ce1348b3c908e7f6ec1f254ff7,10443.137683333334,53.55,62.59
1556d45f17717a8e0dbfcec642793ad1,fe9623607a77ac3426feed2cf3288480,2026-05-17 15:32:01.188,-43.54,70.69,0,87334e2e3ef853f0c06ff6ac67fca8e5,4130.4669,46.72,69.95
4920bfb1776e41903a2f3f08a43c852f,9dd6c985c5a9ba13147f17c7625e1add,2026-05-17 17:25:48.090,-42.83,63.84,0,56f549d256d0f92bd39130ee13926961,1776.3361833333333,40.17,63.67
dcee2ce854b1bc579696074949bdf502,20793c04231ac6fc59c92e07da6f45ee,2026-05-17 18:33:39.377,-34.58,69.39,0,30a572f7ea8405216331527de8e25d29,2615.7885333333334,24.35,69.39
4780b71352cb4461a2b9e7ee4ca2aa82,a08e5a1274ed568c45daa41c294b9a33,2026-05-17 20:09:07.208,-29.82,61.96,0,4a169d75827b2b47b802a707dc310f2c,3116.3297000000002,29.82,61.96
a45b87e8e3f252f5284726699ed67527,4283dfd38c5efaf187877c9667c65b15,2026-05-17 21:12:24.668,-31.79,68.02,0,0a951b0adc1375c389a00d604ca42af3,2805.4022833333333,27.67,68.02
bd4a717a7602de3d5098a9141ac91e42,2f0edcd1ccb75c00938eae153325ec9f,2026-05-17 23:02:34.396,-46.81,69.69,0,804de5f4fa8dc7c6fe32bdabdb6d09b5,296.16455,39.02,69.39
6d9b5b8b97b733793ae22179cbc4677e,d20c9cd0102fbdc953f43a00499f8e2f,2026-05-18 08:22:45.356,-35.62,69.41,0,d9607e3b99f1f6b9683fbbeded745734,18734.83668333333,45.62,69.61
78722fdf2c870c8573df48b2c84b5ad1,154fefca81513b130d6ef4b79923ce2d,2026-05-18 09:57:29.316,-40.62,62.73,0,486545211d4a6f109fbb36fd3e232c6d,5733.34915,35.62,62.73
6447e8aa01a2376052ad59f5fe6652d8,81f6b62aa0b1352b5a43c980887b5de9,2026-05-18 13:59:04.569,-30.62,69.14,0,bbbcef752c556e4cbdcdd6570899492b,14129.38465,33.62,72.09
d0d36ebf3224333fb8b56c51141d6826,5328f991c165b1829d08553da6ef8716,2026-05-18 14:52:19.062,-32.62,66.3,0,e847470b89a9262672366981bd451326,7211.062133333334,31.62,66.3
f682900e8657703a3d77c68e74107743,d1af6c6816565f8f68fa8cfc04080f28,2026-05-18 15:40:29.493,-19.73,70.87,0,eee52f778cca3fe464155fecd22dc845,11877.517483333333,27.0,70.14
4eb17b108ed21c500125d3093af5c2da,214df53187bc82931be6d4e34650d492,2026-05-18 17:43:23.329,-35.62,62.4,0,d0cb7e90cb7a84dfa2b40ca0f1712f9f,14612.216333333334,50.62,61.7
17cd1e202db70659c51499beace6a687,3f0d49e8303039e7d5b910665cc6ea3f,2026-05-19 07:03:55.836,-51.26,69.67,0,2dd315dc6dee7c538fb926f2390bf94b,10871.385983333334,52.75,68.83
2fb44b4b6fc051f94e02f18dfb25b970,47b29889a4bf6e6f35642845a19c6581,2026-05-19 09:53:16.886,-29.22,63.55,0,30353b89ffbc74a00587097cf86586e8,2381.378016666667,46.98,67.47
4fa165ea7e502995064b8c6ab8ce11b2,2adebc3b2ebb6c3527718f5bf4e22cb7,2026-05-19 12:43:45.071,-30.03,55.3,0,e07cbd69e4f1d4d6647c3c4435579c8d,5554.081933333334,22.8,58.19
e6d297eff3c894b7fe9e6321ba810cf0,db46c6d91cd230d8bf6d7abde9564c0b,2026-05-19 14:41:56.007,-33.39,72.02,0,16bb1b5db3dc24d0b59bd9ad73309be1,2501.7607,33.76,71.06
53d8c4f52043cf3176d57cfe8c6f28b9,e6482a19e13e8087d0bd98e06663e330,2026-05-19 15:17:47.111,-24.36,64.01,0,a42bd2f95400ba349184762bd3ad7a49,32864.857983333335,21.03,64.89
a7f719da16a0dc13c710344dd0ac7dc0,a1ba44741cf96ac042336d383e293f0f,2026-05-19 15:36:32.965,-27.74,67.81,0,74fafa12fb407a878667382e7649be04,7125.633716666666,27.83,67.51
35c5396fd6a0ab2607c5dc06b4351968,207a9b7bf370b258339401b4b3b3f2cc,2026-05-19 18:09:47.290,-45.62,69.09,0,,,,
cb66db7d9a4f8e450ca71634370d64ac,dd5683ed930f37604634cb7278b6f9d1,2026-05-19 22:55:47.842,-45.41,66.2,0,290be211899ba26d7af3a4984f1d0e40,8883.9064,35.83,66.2
87a4f364ac5c30a5e9dd9e007340f2e3,8717849872043d77d475c3888b63edfe,2026-05-20 08:37:26.531,-34.61,68.98,0,e3defa449809a65bb8111120793da887,988.2715166666666,20.0,69.53
4a7c53a3d1d713d0f3b6625c8a7afe5e,3570c66353462786811437dc3a168eb4,2026-05-20 08:37:30.914,-34.5,62.79,0,7e3fdf11f5ec52856efefd91a4f372c4,686.59995,16.38,76.39
7e4f3506b5058b16ff157db734f5c9f4,5f6fd8410e6c9b9b6e05801021f93086,2026-05-20 10:29:47.699,-29.25,63.46,0,ded9d31ac5dfbf4d54bdfe7ba52cffab,26541.4723,27.26,63.19
908b23d06e2957bb54d507cfa39065d2,701b77e9d8b16f0dac797fecbfb11adc,2026-05-20 11:02:39.834,-15.07,63.49,0,cc47c6d6084bb98def966f5df465044a,5985.677883333334,26.0,63.76
d9247a49ea66ab086d59e9961f214e59,177bcc2bcf91f31f71ae970a0ec3a4c6,2026-05-20 11:19:11.926,-21.42,63.29,0,18a9018ae493bdbae648f3ee421a05b8,6954.6420333333335,21.35,63.54
1a76d7647612323c2409497d9f53b5f1,340b790a9201a8e87e0d9f265854db40,2026-05-20 12:01:28.824,-15.62,62.77,0,f9ebf8144032234c8e75402102c1bd62,2752.852083333333,15.62,63.61
d47908d8fc28c7252ddb3b034ce56f6d,438cdf8f980b43dc756b5ea158df669d,2026-05-20 12:43:32.867,-55.04,64.75,0,6de1592c5d7a994c9376a81d191083c1,2924.7308666666668,51.65,62.99
a08aea4aa01b8ac921bf3d4422bf56ee,491076d30dc8aa71838d574f5f53e148,2026-05-20 13:05:18.753,-53.62,65.99,0,a17cec039ed782750cd64eac27255fb1,7222.034966666667,50.62,65.99
9c69d8781e1f6b490a8fd7741581869c,d4e9ecfbb8621422a0face2ac591c82d,2026-05-20 19:32:44.144,-34.63,68.59,0,614105b8974f458f32fb6dc79c777710,2973.307533333333,46.76,68.59
cc82d4797ff81bc6810a2aff971644bf,ef5d104682e58327c317ed0d27797c77,2026-05-20 21:50:07.284,-37.72,63.19,0,72ca11bd8735c89b1c51d5e938363172,10276.875783333333,52.15,75.89
524e09f98eb36f761cfba406af11a622,380bc2d82a697d6143bb1dc6b044fb91,2026-05-20 23:00:49.152,-67.85,72.31,0,ecb2f20bc4c61cae582da78ab3e5c107,10131.217616666667,60.82,72.46
f4cf8afd7d1a445777ce86a4a57e3354,6d6a1b1ef12d5b7a8f0f0e85b9584726,2026-05-21 01:20:40.992,-43.79,65.49,0,121a1221ddad5862bfa345b3b5ceaf66,3003.8494666666666,20.88,65.49
f73889b1a7e08c6c88f7982502f8ee3a,8091ab97c2ca5c1cf506b285773587ba,2026-05-21 06:51:02.060,-35.69,66.5,0,915ac7c9d5dda95d69fb18f6ecce24ab,2700.5665,13.13,66.5
12287fb784a1228719644885741b55e0,10dfd5e32359a2f70ea113789171d579,2026-05-21 06:56:00.266,-21.08,64.65,0,d66837edc779f5c5a3c4a61636b20a76,9445.335783333334,37.85,65.15
929eb1619b2708f1d4f2b67aef56e273,786c0ba2b02359061526065568d57a59,2026-05-21 07:19:49.812,-12.57,71.89,0,75249b069354372bbb04eec26fdb399d,3445.595316666667,20.24,68.39
edff4a3844f298e7e3b27d9f40c8b8e4,d31dc297c4b9e7c03705f887a88f856c,2026-05-21 08:28:18.911,-42.83,67.2,0,41fa4992594130bb87add36eb21bf13e,5716.453666666666,41.94,68.85
41806afb369fc0d2787ca0aaf20e1481,cabb5b9a5d97dcd072a2fa2f5e4dc3d2,2026-05-21 10:58:50.644,-20.09,69.09,0,b79dcd9949db54373549402c2296ea7e,3777.9004333333337,20.09,69.09
43e74753ea0456b81110e14aaa175b6c,2d50e207e3c28a394265150e162cd398,2026-05-21 14:03:10.296,-27.76,67.75,0,fb1f9e50a5ccb5281803eec11552b085,34557.08198333333,27.8,67.6
3bf671c62135331884aaeff32f68839c,8d4202141c4a3d8c4c8326cc498b9068,2026-05-21 14:11:50.172,-35.62,70.39,0,56c938923bf479b1beef848b02fbbeed,925.4056333333334,35.62,68.25
18d26a49e531a578157bbdc71476f035,0e822c5da4fdb740f94df9a8551adeeb,2026-05-21 16:04:20.751,-51.47,72.07,0,36b35047d763fac16b2639250adb33f4,5906.70045,42.71,68.9
e02dd4e261a17a8a9179d6059bef9c51,356780d09e319078bc13b2a3bbe95e19,2026-05-21 16:55:27.526,-60.62,66.2,0,8176cf311583d0ce196ac4e5ac218f7c,16232.994333333334,60.62,66.2
9e3ee979edd0c1520d18111938b19fad,8fb3677664eeeaf844740c6607d5aef0,2026-05-21 18:01:49.163,-28.39,65.95,0,dc5222ebdf007aca071640b23934ea5d,16200.456216666667,36.48,68.1
5f1c41f566d7ba141ba7a4ad69f5684c,7071898d8afd7f86869009c8886c57ff,2026-05-21 18:40:02.929,-33.67,71.29,0,a9f0a09dac66772e6564132ae50a36fb,8525.534283333332,52.62,70.87
7838e0f4161aa645a3b4e66921f28b11,b6fd543a81ddc0bc52aa2e01015d8e58,2026-05-21 20:36:08.235,-70.63,69.51,0,69b4375ef2c2916934e57deba51b1631,5997.986616666666,58.91,69.56
5aca70887292f1d73b9f9a211cd2b167,c349672474c716ab8420571ac58c64bd,2026-05-21 20:56:30.720,-34.64,68.03,0,6bef72acc590a185e771f4ac82267cc5,2768.8731166666666,33.12,69.09
a5f12b479cbb852571f7cbaa18516ad2,c80798d47bfa8306189d204624237c54,2026-05-21 21:30:13.791,-27.11,69.79,0,3409f908c38fdb971b02ac7690d670a5,10065.754016666668,23.01,68.99
705c6e01a5fe706a6031db25afadbe8a,8e1f4905d45a70e97959cc350974d0da,2026-05-21 21:30:17.974,-27.33,69.09,0,3c8162401eb7666764587722a64f86d9,8063.855616666667,41.89,68.92
792a3084fabb287ff8beedad346b4f37,7ee2b5bec332f8ef8e4018e21fff183d,2026-05-22 06:42:30.795,-48.26,69.99,0,705501a4df6804773c1bda4cfd024455,7989.9112000000005,48.97,69.19
df2e74728e543ae20bb9eafe8bcffe44,345455b11a5dec7fb34378bf53124662,2026-05-22 10:02:45.153,-60.93,72.31,0,d446ee0335c8107da07d1c1b71b899f8,2864.2678166666665,39.72,73.3
e97d4d45888735c2a77c99f1c513b1eb,902459ceed46481cbd95312ea8b564e2,2026-05-22 11:35:37.300,-25.62,61.9,0,dff5f44f555977b8e6b5ff6e6dffa73c,4621.121316666667,25.62,61.5
b6e8022c925fc432e0049bb3b1efd587,8b0e8cfdc738c5874d7584622ae81a63,2026-05-22 11:37:53.782,-22.04,60.88,0,dfccb6d755c4e85c8544180650bbe6cf,28683.95508333333,22.04,60.88
475516f5f600e460ddf3bbf375327127,c21324019235db2ce866289a4a93270a,2026-05-22 15:50:51.110,-25.77,66.99,0,ff2ba28a105be3258a6339a72f64fe19,11846.106016666667,25.77,66.99
b8aabb1cdbdc7d14cd6f593f06425f9c,3c86f9be41addf3755e7577ae8d35f20,2026-05-22 16:05:40.116,-10.45,62.1,0,15cdff7a60400d67753501b585dac502,12770.575816666667,49.36,66.2
933f39cf34e7e56f975a477266380e4c,778d9140cb830b35841d8f12322cf44c,2026-05-22 17:21:18.792,-26.8,70.82,0,b45221beca0745b82102d7182fc2e1e8,10054.072933333335,33.88,70.77
5d828b70ef2404631a87a11784ce8003,d61ec5ec4439ed9d313e455869ba9c75,2026-05-22 17:24:18.374,-38.91,60.07,0,31f7c509b1364a6f0ea9c93067d1fc43,1393.6830833333333,14.21,58.19
7e49bdb6c4d671e51d61e4aff82a3f22,ab19929a67714facccadde3b43bde2df,2026-05-22 19:12:03.528,-40.61,64.25,0,ad2e467acea64b4b9dd322e45006e7ff,3161.8765333333336,41.62,62.99
0c27cbbc970f6311f0fede073b658add,6d91e9ea105e39192a8e69eb839cdcc3,2026-05-22 19:32:47.739,-52.11,69.67,0,86c8e3adc808d5bb6ff262f3a26c3dd5,9906.179216666667,51.41,69.67
d5e1c37acfa15ab350727701e304107c,86dfda4c8fb98b21394afaa7a2e66f7d,2026-05-22 19:33:56.274,-45.62,64.65,0,e64dd5ce366745aa2881fedbd3226d7a,56776.48160000001,45.62,63.98
a753e6ced665ce82af535bb91431944c,30426f2500b894687a0f9c1c2c4c4b85,2026-05-22 20:01:11.674,-20.43,67.49,0,a7c629cb02112754f71a4f7fff2cd5c9,15109.274733333334,20.35,67.85
40eabdc40dda024644dca5acab5701a2,68faadc362c1e352b6ba1169ab70f42b,2026-05-22 21:53:28.384,-45.24,63.09,0,ef1bb9c1158e2578461adb178ed3d0ac,11946.004783333334,45.22,63.12
741bd41d609f6c2b66be11e03ac1d269,a2afedb9aa12f5dd889927943109ebca,2026-05-22 22:15:13.249,-26.85,70.64,0,3f9bc894d3439d318e0dc1694c06fbc9,3157.537883333333,21.47,94.59
479f1b384ee7be98382a20d34b0588bf,5ef9f101e1be14515fa59d1102b1ff58,2026-05-23 07:19:36.027,-35.62,71.99,0,dd54f8034930067a536e8dedb8c31f51,9667.796833333334,35.62,71.99
50d85d3c7f0c72c28adbb9dff9d486cc,e14a1a81bda8c271723d115284009b74,2026-05-23 12:42:36.054,-21.65,62.38,0,a57e2fef6282d966bbee94e658372492,1144.6327166666667,21.64,62.38
c5d96f7f4451b5512a1a5906728b41ea,e5d3b0e04aefec6edbbeae6a218f0113,2026-05-23 14:06:57.156,-29.93,61.7,0,2966c38730adc8283b7bff298ab6ce10,10258.9145,29.93,61.7
9aa00e93d1fcae3f7e7ce60478dc0124,a7c8059785263f5c1abfa6f52df2b34c,2026-05-23 14:35:54.610,-32.62,68.69,0,c4a34cfab8b4e0e789f559c4100f2ef8,8343.979333333333,32.62,76.75
5dc238346774a31179063c6db14ce18b,cff3fefc263a97948480cb55dac201f6,2026-05-23 16:35:13.794,-25.62,68.1,0,4e16083f6f8473ce876157d423d2c047,18644.675150000003,34.98,68.1
baf876fc4cbfc6740d8e1ce051ba79e0,93b97748f0d1d73f529d96288be9c063,2026-05-23 20:16:11.658,-50.62,72.08,0,b44a89d6695e0fa3bbcee1ecc365afef,11558.122066666667,45.62,72.13
2d80881af715e821a620436700c0ec8a,f15c50e52193f700b53e65a25ccf272f,2026-05-24 00:07:19.230,-21.11,64.52,0,b869db28471b8489d8e368f38c7c4451,508.4370666666666,21.11,64.52
7abc9c51bc098da6c74fa965ee797eca,80e1e47543be3fabbf44f2d3a6943979,2026-05-24 07:20:52.063,-48.11,70.59,0,54986b51e4ac3b4b4df88f469dbdc14d,7216.286766666667,48.17,70.49
7ea9fb14cf8f1cd5c73aaee3f5505a72,d0e49c586a876ff7a53d032954b24489,2026-05-24 07:54:36.531,-45.62,67.77,0,705db0de057e099ac4129bcbd5acafa2,25723.32795,50.62,67.79
6b6461f91f55f2f440157ae97678a40c,575b81f82522af384254178262d5338b,2026-05-24 09:08:31.679,-52.42,69.42,0,243e7bfc4170bfbb12ccda96c76e2e6e,23766.856733333334,48.24,69.67
cb9ea65d56c13be68c2206bbfe4927a0,112e7aa385298b2691fc3d1ade5371e0,2026-05-24 10:12:28.485,-35.62,64.09,0,f98308e4ca4b7e38dc5a81fca254b4e7,275.15293333333335,51.7,64.59
aa19300b4be0dae6c6f95159491b678a,573990c506853723b059dcd54a59d8fe,2026-05-24 11:16:04.883,-55.62,66.6,0,37d57dfbe92516094e3f07327e97a627,1878.1738,50.62,66.05
d19ccb1fe1c8c9fa0de4dd392ec31243,2d73c19067adde371a11fb0671537976,2026-05-24 11:28:34.480,-34.8,68.52,0,bc2834716deb446b0a4cf0f97aaca508,11445.310083333334,34.8,68.52
ff632d0118a3c78fd068a0459d83f454,24634106e174eaccb8a3e5dbf488e2fd,2026-05-24 11:56:44.586,-19.92,69.91,0,9b8c781f0d52eaa17d8c145e2fc656b5,20276.404533333334,19.92,69.91
2f76092333637544b1cc1a2ddc5cb9b8,7453f990a5e4b7a19af6065b079d01bd,2026-05-24 14:28:28.087,-39.26,69.46,0,2bf5576a9d018332f9d6c3113493c844,9772.4922,47.26,69.63
a7935f77f1b19c0eef94f562f528a617,bdb2f337e2526e1f2920ccbac0b99b4c,2026-05-24 15:57:43.833,-33.69,71.51,0,06d95a6b101523413ae9936eef864fb7,32959.55548333333,39.68,71.51
d3c26a273689b4595d011bf0f5b61579,2198a39472d674c9c78e4dde03d92e3c,2026-05-24 16:34:50.335,-45.71,68.49,0,087d0ede2e67424a4236c2af50d2207c,2791.749333333333,41.49,69.69
543bb0af7cba442efbc8799e0737e9e0,8355ca510195b120c314c5dcc2f5d597,2026-05-24 17:37:10.026,-66.68,65.5,0,eb903be7cc0f12cf502ae979948cca4d,11887.353033333335,66.22,66.0
fec8afc7fab8ebce79242344fabeb441,8ae28ecc6c70b61ac765340e83690718,2026-05-24 18:08:53.571,-41.35,65.42,0,895701caf031e803eaa1f52546700ce7,5883.023716666667,45.96,65.32
644c9be25c49b39c7bdd757a88330d3b,2c012ff78a64b7c9ea061bc3523dc160,2026-05-24 19:17:38.912,-35.72,67.42,0,b4ee3468598d3f73b0361e5727e25e2f,7471.895233333333,35.72,67.42
10fa2a9b1bdff7170d3b8e86df3a686d,1503bf85eb76ca115e44ea83254b4640,2026-05-24 21:22:53.883,-15.62,72.06,0,7240e4ebf018594c65e5ad8964b66842,21581.432983333336,20.62,72.16
7fd3384c020217667c9b26d0ecc4ea05,e793513ccf5ae6fc9b232ca96209232a,2026-05-24 22:31:39.009,-32.48,70.74,0,11489e29916683ef26b275a09b31eecb,10107.879433333332,6.62,329.0
805cbf152899226da9469b2342363692,9156efe01ae4746123295f6003b38565,2026-05-24 22:36:10.435,-27.68,67.99,0,238e46c0b09111d187fb18bd7e7024a9,75231.50628333334,22.06,60.8
f396222fbb7e7f769f64cc304c29b864,3ce1f30a9893b8999f1ea5b1d7925557,2026-05-25 00:49:15.503,-55.62,71.79,0,7985531e2a365e96984c6e586d095d90,19547.40465,55.62,66.02
fe249f4b66873d9856d9223029f55937,d25598ac48b38ded64eb385fc480e64f,2026-05-25 07:19:05.672,-45.79,71.68,0,09922920b6488b3cb0fb02632549717f,2277.457316666667,33.53,72.23
b39387fa49d4fff90ecb473d785a1164,dcb0452ae253aefbdce329ca5372b61f,2026-05-25 12:50:40.673,-25.62,68.36,0,e8d87e8551c8f98c96c3d37970e9d868,5665.454583333334,50.62,68.86
bc65c004e78e1a43ea00658985091202,a842a572817bfad3b454a4a4acca903f,2026-05-25 13:01:36.978,-20.33,67.98,0,1f87b1b5caa3f391613b1fbdbb2a53b5,34054.96023333333,21.53,62.85
9df1836640a374e0c9a55f1c8eab87ae,7d17d649b029c57df0b25ffeb48c34bb,2026-05-25 14:11:41.819,-25.62,64.1,0,14c32450f4f56419c6986463442ee48b,2876.455066666667,25.62,61.56
513e04d463d74b988e1435ec3a5e99bb,f4c075f1adb6931162858c773f6e9773,2026-05-25 14:51:35.512,-50.62,71.2,0,f7ff17c5968750ee90f515b6ee53c4f8,1065.7734166666667,23.18,74.0
21d4404d944491ffede263b79c876b15,d9cc8193e6c05c5a01fe8a25d42f2ea5,2026-05-25 15:40:39.332,-20.62,69.9,0,fbfcc21600649820fdc5587220a19811,5967.856516666667,25.62,63.9
a42ea47edf08c86b4d2d1c62e20d4e17,b59c83d1f0d62da0990dc4769d7e9b24,2026-05-25 15:47:11.172,-40.6,70.89,0,314e97060e5b0bba88cac91521ec9e1f,4370.55235,42.63,70.4
63b501c73bcf349072c6509022b63058,85c9f462400de4f2da0d9f0f5bab4b75,2026-05-26 05:13:56.796,-45.62,67.92,0,0839ae98a67513fd583faabc288353a4,10059.958016666667,45.62,67.87
c6a9d5e7cd115a0ace64b77e38614ea3,87f2828073e98e88c068a52d100a076c,2026-05-26 08:21:53.434,-20.59,66.8,0,074ffe459136503db20ef33a437357b0,9591.765133333334,20.56,66.9
12ec83bdcc5bd9682d15c31365717512,6f7924e04083ce8ef1354a8d54e9c2a7,2026-05-26 10:47:55.059,-25.62,67.3,0,e2736de256afd0f67d8dd2bb5b39d159,4596.318216666667,35.62,70.28
97c1d6b51f26644aacc62194941ecd87,a832297ac4704490cbc6625dc41f38b0,2026-05-26 11:07:57.817,-15.62,69.76,0,7e3f91dd71132fa8578553706b3181cf,14697.347033333333,20.62,69.86
76041033cffcfb505f95458d03de1200,93e679bccd91c1b2aa29ffb73b77b2d2,2026-05-26 12:48:25.164,-48.72,61.6,0,908d6131b259219c0c208ae6fba5e3fd,2700.0581666666667,37.96,63.21
9b80f2dd4476105790011c6e2d75437f,7f2672e6ce42bd7d435722774f62d04e,2026-05-26 16:29:52.584,-30.39,69.26,0,b9b71b018c3e88eddac06a3542e4e88e,16023.804516666665,26.9,68.62
00dcca9f500eefc956d9aa05ca548b68,d0879da0e048fb0c7833dbd880314e4b,2026-05-26 20:29:05.715,-58.64,68.08,0,c288c03cee4d3fcdf675b1ef0ea107f2,7375.601033333333,56.21,68.03
77e3f57e972f662b5d61d6121072bfe0,09e2fbafe664d6d662c610e6a6ccd6a5,2026-05-27 15:08:15.868,-36.99,63.78,0,8f3db2a48f77baa5b5ab5fb47101e660,2969.270316666667,36.91,63.93
a8443336d2e14ece0c29e188f356763e,3e3b968ad3486138711081f4bd3b8f7a,2026-05-27 19:44:10.012,-35.62,69.37,0,32596d700b7193cd521d592dd4befa11,7956.6245,23.62,69.67
ec508c00afbd1662d7d8d92bd419f575,841c1b7246a4d7e362f540fcd4143dfc,2026-05-27 19:57:19.627,-21.27,70.28,0,93f9dca302e987943281457d663e6341,7274.356283333333,26.97,70.23
b0347b653fdf60a8770e83896217843f,613d740f88f501291a412cb3b0655a97,2026-05-27 19:57:44.620,-55.62,66.2,0,44311e0e54344a6fa4de8642e86f6ac6,39194.02845,55.62,79.99
86537ecc16707158ff4e058cb5ddbc86,2c100da0433f65e29fff275a65de0dad,2026-05-27 20:00:07.771,-41.68,69.31,0,a3b939f9c81928ac201d2c6d32f4960a,4831.765383333333,12.86,69.05
0af4eb9bea4339dfc00b6336b9eee22e,67cec663f6ed94b5360a888ec0921ba7,2026-05-27 22:51:01.864,-43.13,69.09,0,f4b037f1dfff9fa6b76a3cd34941aa8c,23216.308066666665,45.62,69.09
b0914eecc43b3236cc20e6912b760b47,2a72e02d1ea32d6aa4f9e3611d4794c0,2026-05-28 06:23:39.007,-15.39,61.35,0,4f84f4c9f7b05c695d4dfffec02ce0a1,1436.0150166666667,15.39,61.35
c4a36f5445e15e602f02f9e2084a165d,dece62b154fa62a758d2be871bd9f8f9,2026-05-28 07:05:11.147,-41.2,70.25,0,b47a76b79acdbdacbde3e93a42f880cb,38431.18768333333,48.05,70.7
49ede96a17c51246fd05fc00362526e3,36b4fdaf90b081f846696c8d66fc65d2,2026-05-28 08:56:07.301,-27.48,68.61,0,cdfa389c7c1322d39855426767703a42,3908.4168,27.74,67.81
b13939586b04e3044bbd9f5c2eb378ff,a800d333f78e1214f66644a70e7a872e,2026-05-28 15:53:39.683,-15.62,68.39,0,9404f312e82732c3de973738a20a3bc0,1858.9372666666668,20.62,68.87
5e6221438b857b857b78b9edce116a03,92b7856b58b910cb9d971f3326bf19aa,2026-05-28 16:33:21.594,-55.62,65.9,0,66f73ba8555594b24528e38589d6c8ee,298.12528333333336,45.62,80.5
5f6ec1dbf5e8b44566b3da7aa8d4ce2d,0874246786a636f597dc7e7973f2b632,2026-05-28 17:15:21.092,-42.33,66.49,0,ab5229dbd78fdefcbb306943a6ddde83,11977.520666666667,65.62,72.59
ca9868bd6b6469bffd2a3f289d2e20fd,dca750caf76f16c8b31ad67b9a671dcc,2026-05-28 17:24:52.607,-32.72,71.94,0,37873cd0826d5eb7280d18c7d25d7abb,28687.059566666667,43.17,71.89
9146b8079f5de7c85ef69a1f42f754b7,6a5519d3725666aaef23609511fc269c,2026-05-28 18:53:54.585,-5.71,67.89,0,676b82040827f30dc0b8b5060204ff8c,26286.966166666665,30.65,67.91
0631250687d2d84a1810a7c44ceacc86,2c2a365a29963453bf5fa0dc5b24779e,2026-05-28 19:01:56.795,-38.62,71.08,0,ccb89b41231fff0336a1e90c29db92a3,12907.962933333332,52.52,69.29
f860fe0aa8aeb315b82c128b98fbacb3,b411f8b851cde51ffcbef71d3b0ef288,2026-05-28 19:24:56.411,-40.77,71.09,0,f6265416b34cabea8d13423d18f5c843,7178.985466666667,33.27,72.33
e64a3b84b706393e595c9c0e065a57dc,38f16d87c6e6169ac7ad3f0e96f45854,2026-05-29 06:21:52.210,-16.08,67.2,0,277663b2191f84137c33a30a53676b71,1390.0955499999998,13.25,65.5
ea09ffbb7438660afc15eaf58f571833,e77240539422d5c19e7c4767b2802a2b,2026-05-29 06:43:25.121,-21.75,61.99,0,1c796e746503974ade894e9350d60787,3896.3385333333335,21.49,62.99
3f44568cf1992011938305e35773caa7,6c5356710cbdf460658def2f04324f04,2026-05-29 08:11:46.782,-48.85,69.39,0,f26f7fcc5f780315181e112e032e148a,6765.439933333333,49.33,68.62
d1b5bce647469243081646fcfef39976,f246ecc2ed4e590d1d72f70e16222c65,2026-05-29 08:35:30.064,-22.62,62.99,0,f65b3c1db0da0802844662e8ae736898,1140.1140666666665,35.62,66.99
0757a04e4e206bcb3bebc80935c78da1,e0ea537502a959ed0d0f0ec77fbad4ff,2026-05-29 10:26:46.782,-23.39,67.52,0,e25435f7bd65b58f2339a96a3aaee457,11103.142266666666,27.7,67.92
eb9d6eed8d73fd9b8fa4260d3037ca41,87f1f72578af0c394700cd88108302ec,2026-05-29 11:07:56.037,-65.62,64.59,0,2180c995cdd5cb194cbcc76e2af85a3b,1237.0311,45.62,69.79
58b88cca3a424fe1590ff39453c9d33d,8ce35f3df16248d8f1a1d22710f68f83,2026-05-29 12:59:54.040,-47.47,71.68,0,389aa44b27249289f84c10393dcc58d6,5881.085,37.81,71.43
8f8e0e7d8edda115b2b4e8a4ca3af33f,851de97ec4f1d4686085c1838633f566,2026-05-29 16:58:17.173,-21.07,66.0,0,0f08a326ac17c7bc8264587955602ee9,9137.707416666666,21.07,66.0
d0cd20e273ee143f39ebb56ec74e405f,b6980a92c4d62c4ecb297c559773fd2c,2026-05-29 17:26:02.692,-8.62,64.26,0,dc47a7f90070832de22f019c889c24c7,7353.773566666667,64.92,67.4
2fe784358124266e82a9baaf67c66d1e,d2458b0e14ec93835c58e679f5d0abee,2026-05-29 17:40:16.615,-25.62,72.7,0,77baf02287c0dbe2fff34c85de74fa0d,10437.80805,30.62,72.54
28e1f09ca15c49294a543e3afd02b9f5,eed1d0456e9e944ffa779b9e61c0061e,2026-05-29 18:19:12.257,-35.83,66.2,0,274a329d275400be4610e09b3a3de308,9940.900666666666,45.62,66.2
9e147ebe655c15f1f519a87a9d1972f3,0ed5d903751efbb28169e3bf1d5ec864,2026-05-29 18:32:46.025,-45.62,25.99,0,82e6aa98843497beb843993cb37d2985,7950.561583333333,35.62,26.49
39bc019800876fa4482475eacdefab7e,264a544dad7ec2bc192c9695fe4bb5ae,2026-05-29 18:35:10.828,-68.75,71.29,0,fbbc63350e36cd64a127a3afda2d0c18,12935.48835,67.66,70.49
799d1be596c2742d6ae652aa8f24e838,c13634ddb49bf32ec8af0d751e437dd2,2026-05-29 18:38:58.148,-53.03,62.36,0,d3a4f3a254f9384ff9a18537e91318bf,71.02183333333333,55.62,62.44
d290b96613f93094037b2b6f753b7fa7,36eed725300b0f67d26321043989b026,2026-05-29 19:28:00.841,-38.54,66.55,0,bb9ad91afa84ef9195b60ce7cea50603,9006.134683333334,29.62,69.33
9739a95925e9724424d25415166a5192,78fc5f8787e4158b4f1300f476507335,2026-05-29 20:40:20.325,-47.76,71.18,0,f188804e821284cd113958068fd1c45e,2131.8897166666666,45.62,69.39
d43fa09733576f8084a2f268ce63a4bc,9cd78138d4bbf93d17580939357f1690,2026-05-29 21:23:40.125,-30.91,67.21,0,f91e994190b6783eba195a332c0d7271,12952.500383333334,36.47,67.83
1bfa91c3c68f8c0ab66307e12778ea5a,05b058f1383ed7acf4f18b0f1529c761,2026-05-30 07:29:38.751,-20.02,70.12,0,b2ba0dc322d472ad3a6c364964a2a6ca,12007.627133333333,34.81,68.84
5cc56c1cb6c2a36ad096a9fa999cab78,696f923994a0fcfadb75f90aadbed007,2026-05-30 08:55:58.310,-32.62,68.81,0,58674765eec3b1e8f2bcf4f95af2f111,18496.348683333334,43.95,68.72
721a8d8498bb18c0f8dc61df21365bc9,64c2771b01d9cb2470b6c4d10667d9e2,2026-05-30 11:11:49.326,-79.41,70.4,0,8a06ae7c155045d5bdd14696347fb2e3,5449.4584,7.62,259.0
0de562d713146ed1a0fc711f614f006f,78a43fcce5d0c64bef97891e98ba57a6,2026-05-30 11:57:28.498,-57.28,70.89,0,4ccfaf9e1c665c3cb953555bebf36241,14506.006583333334,64.66,70.78
48bc698669329b605e488278c0139291,e2a227a68b4e56118b692a5e4e59123a,2026-05-30 12:09:54.786,-25.62,68.02,0,203160b2e4f79e4e3c9e5b38aed06327,8519.929683333334,25.62,67.98
f82fc46e9a4bb9ae3b1c6c4ab8abb8fc,bf32bc6258d0fedefcc3dbc81cd57a0d,2026-05-30 12:25:30.822,-45.76,69.81,0,0e2c2ecbe00c7f48b59d8a756f6529dc,14020.221300000001,53.92,69.69
6b6beaf8cf65329ef0669b071e33e6cb,897c1a0aa6e2924672fbd6377e9847f0,2026-05-30 12:56:58.671,-40.18,70.42,0,850e49389b58cc2ae6c5e1e472802a71,8567.217466666667,34.37,70.66
c73f004206558aaab0ca8786089f14f3,7a9cec71e8f14beac90fef800e612481,2026-05-30 13:16:08.722,-20.36,67.83,0,72cb99452e04114bb9084d7fc18e8c75,18543.648083333333,20.47,67.3
d89cef317203b870ced87e061b7cb22b,4c02aea58509d8b5b2231b8c59e9601d,2026-05-30 16:36:06.179,-55.62,69.2,0,b6dc656698fddbcd3d68f69d8cd58a79,78.0825,47.62,67.4
67b4eb2b9d4f6d527b37833728714384,9ff88587a51f3359a5e57a0f253a8ad4,2026-05-30 16:52:39.665,-52.81,64.21,0,edae8d80a6802e999abefe75b6e416b6,3300.8301,8.79,63.07
d59b582e52471db3e393d421e67be989,ac1e4dcfd070a299f6ed06d72ced4939,2026-05-30 18:02:30.375,-38.22,61.35,0,2b3c29dec89b3f39db0806a243b3ead0,45995.56918333333,22.01,61.0
b12be5ca64db9340c6d0b4e7aca7e52c,3b6ea6cf110358b2d9fe290e79580639,2026-05-30 18:28:42.120,-35.62,69.44,0,44c566493edf10a6d3dc886b5688f085,10071.010933333333,40.62,69.59
75967efd373df559ed0a2cb3f08e1612,82c80d2c634ed37991b65628af5c7add,2026-05-30 19:09:47.500,-43.0,69.55,0,1275a70b07148c9bb91e55f7482cf34b,13000.873416666667,37.58,69.36
b89d2760986183e11a8c6d939063a2ba,fc037018a94946ee9c34ea4b3c9134a9,2026-05-30 19:58:48.184,-36.12,68.06,0,325430ac62b8e4fb69a48035740515e2,3062.6582333333336,48.12,68.22
e74d325f4b0b92d0fce9f8aa4d069646,e0fc2cf36476b8613102056d921a21b4,2026-05-30 23:30:13.671,-30.62,67.2,0,8ed4c3569256a96341d51c0af8a51d93,2900.0666333333334,35.38,67.2
708c80bd6a13cb15584edd063338dbfc,891dc51505688cc14f99391c88d3d263,2026-05-31 09:10:30.329,-89.92,66.9,0,aaaf147c18ebafd62541ec377047084a,14179.626766666666,90.69,65.9
91d362307f357e298f7f84dd35336e99,b925fa906ef38162b488b4fff85c2e24,2026-05-31 09:53:40.507,-56.49,68.79,0,e5d50c14dea464b17a5150de1eb76ca7,4292.393816666667,56.49,68.79
c834d5c8c9c3aa6166652c36b0802404,9ea99068626c47933350f773bb1d426d,2026-05-31 11:30:38.384,-19.91,69.94,0,7ad19f0b7afcdfe8424adfa33501f688,22427.822083333333,19.79,70.57
5f272959e669719a943ecfc20dcd484f,ef9868685fad464771da900b4e432a78,2026-05-31 12:35:57.848,-70.62,61.11,0,6b8b9b033c62a20e74ab683f3041011c,3292.09045,60.47,61.5
d8726e28d68ddf1ca9f57eaa6e33448d,4bb69fe51b7040c9200d08f2e2eda620,2026-05-31 12:37:29.109,-30.62,68.36,0,727d30f6f088600c713f87515d4781d5,9902.7671,7.62,68.22
80905c1e2d12418ca37523b83526a0f7,c78a187f53b105ab456ce7f55cf7a108,2026-05-31 14:43:51.428,-27.51,68.51,0,2352c0af177dc523eacaf250240ac865,4783.484033333333,27.19,69.53
f1435b27972954e555e996f49052a6c5,eeb41936fadb6733f96fdc740d184e72,2026-05-31 16:45:54.769,-20.16,68.73,0,180f81ec3c1a43507b295fc9072665d1,4498.83595,19.95,69.76
41a115cfcfc518e36727504c2231d268,ddb9fcad8558db304db4c181a327a6e1,2026-05-31 17:03:03.214,-34.02,70.42,0,c902a52936c4e0c8641e7b38f9fe1e09,3059.0979666666667,40.38,71.92
0cc4f35586f8568c1f98ac6fc9f355f8,fc241d494ff3f96b467802e3eae3465e,2026-05-31 17:59:40.581,-41.12,64.09,0,c7a7ddf15f089513b0525c32cde0ec17,263.65923333333336,36.11,62.55
72ac84c458b2b657929c341f3c102487,37c140e0149220ffe517336e64a475e7,2026-05-31 22:05:23.684,-68.27,68.28,0,c9db6e94af811ad3b64f05a6d033ce9a,5907.879400000001,61.63,69.39
9ad10036716d9fecf25f44fc3610b299,4836d5b6f953ee2e9cccb57a2ef310b1,2026-06-01 00:11:39.307,-47.3,72.09,0,ba0463d0baac59acac62764586215f3c,70.83954999999999,50.62,73.58
185a8e31a9bbff200f74fdbc433c8d75,3aceae0f90afbbba5cc3e468d7539bc3,2026-06-01 00:20:48.464,-15.62,72.89,0,6981f8e248d1448bcd6106e1841f728d,7723.19075,37.95,72.74
5aec8075afcdac55c5002c900b3643e0,c270eeead150bf41e6169e6a4516e3ba,2026-06-01 02:43:03.447,-39.22,27.0,0,45193c07c59e9cfc2412642f57ed847c,12778.434483333334,38.82,27.0
f7d65ca451f6a8059436dfe616210275,d21a516b6663eee9fae6d90c264ded40,2026-06-01 07:40:06.209,-49.73,65.46,0,baada5dd323d95d3e0200cfd94c9d4a9,9191.10765,45.93,64.5
6b69f167f665fab1c02033d4b61c8ed8,acbc991b26c54a1033325b8f03e38f5c,2026-06-01 15:07:10.840,-40.62,60.48,0,a58f1284a54245ce8804740071bd8538,11752.806966666665,35.94,65.95
6b25e08170ebcaba425b4a4285e81acf,a6f75fa2479f878e68c7d44ba61c492c,2026-06-01 16:49:21.357,-13.32,64.9,0,095821f6d376d767a3b2202bf978a500,7074.028950000001,37.38,31.48
359b2f871f7f5edc67ddd7e02d22c221,c90248f0f31751fe9992fcf7bade1435,2026-06-01 17:04:52.165,-55.62,68.99,0,f47beea3c8ba6373a888eeeed7083a0b,33282.661466666665,50.62,70.29
d519acf1fb1f8c76960352f31ba40b0d,5190f7e9560bde598f932827cbc7f592,2026-06-01 17:25:53.780,-13.14,67.9,0,a9aebef9d8c214c2c0d84d8de0621f7b,17276.03568333333,21.93,61.3
2a709a8ee54b5cf89bc59879d0d5af2c,e7ebe0607398a156285aa00d756f4133,2026-06-01 21:01:22.772,-45.62,69.15,0,,,,
317f9c5ce2b25fc2698db0effa0d6277,9552347ab68b4a6ca42c3f4a5fbe3aab,2026-06-01 21:57:56.406,-56.17,72.31,0,35821dac056c19b546621bac81178f64,8658.092483333334,51.67,72.29
c64a7812b182410e9278d1e3ff3e2b37,edf5121bddfbde5d05ba834aa3ad0c44,2026-06-02 03:27:05.594,-25.62,60.6,0,085fb9a6d31058148db78fe89e999ac8,1223.1983833333334,25.62,65.35
67ee1583f6610d165f6496aa3abc3a90,d69b7fafdc5bbbfca4e2ca37daea45ce,2026-06-02 05:15:39.548,-50.64,63.61,0,84da3fb0ffe738fb29256ccc13e68982,10105.771416666666,6.62,269.0
5ab4ad28a7704a0cf989b8fbca9b7107,f789e3628bd70f84078ec2e124df92ff,2026-06-02 07:13:11.507,-34.02,68.65,0,3bfef504ba83b90a09a82112039c9620,5279.097466666667,27.66,68.05
a0172239e7166ed3a78dff7f3a82fe1b,7c30c8c0bc321fba0bbd558a3b1b00d1,2026-06-02 07:52:10.941,-45.62,70.39,0,89047bfa594bc70c31005c75bc443d18,57361.77078333333,50.17,67.33
7a1db14aafb3be272cb646b2af0cc282,570efe687674c6863bb791dced0af3c3,2026-06-02 10:13:00.109,-19.94,69.79,0,34d740ec69e2778d65e09e7f6907339c,2597.4164166666665,19.82,70.38
28b3faefa08491aba97dc2fc5ac5db5d,0d23cfe3818ccf211f0f659e90efaafa,2026-06-02 11:45:00.640,-43.63,71.17,0,842de1f1a0d10d3ea7b4810f7aa78866,15182.1792,33.05,70.57
9f1d8387c594399456888e5af99f9c26,f4b8bd9004cb4b6954e62cff243bcedb,2026-06-02 18:57:27.677,-42.26,68.59,0,c577df6b6ac0f2778a423d525ab518bb,6960.085516666667,55.62,68.51
1cc282a2ce852dde7a4b0eca4c87635e,6e4c337ec33c515587e996208436f49c,2026-06-02 19:47:13.860,-42.29,70.9,0,c16e10505edfd90904b95aa49bd9ce6c,20757.442150000003,33.66,71.31
59068a0ece0d7bf7ec19058426a97a0a,70152951f99ad7ae24b2403942774000,2026-06-02 20:02:42.461,-65.78,69.81,0,dbff5a0a064437146bc8fe10603e6136,11717.7677,64.96,69.1
e68cd7d6b17dbb7f60b2d3535c326fdd,6a849bb1e35e4d77285002cc3d66a6a3,2026-06-03 05:32:21.289,-49.4,68.19,0,23522cfdcfdc522d3bf3041fda173338,10099.373466666668,45.62,68.0
10a0ee28476fe1f6e76fb2a29ab93771,48495f4eca436e05083caf5aed712e97,2026-06-03 12:09:42.025,-49.35,68.59,0,8af616db68128a2619fcac4a5b20eff5,5926.234966666667,49.35,68.59
b814bfbb8beb3d4bfe2f1d0b3ac1ef5d,c8193aa1d4efd242bc08e0150f3b92fc,2026-06-03 12:58:14.031,-41.62,71.86,0,cdcabdca5e24f38cc2da17efb276309c,6815.409833333334,23.37,71.79
34b5b76d35bd7fcad18f70cd77a60c06,1c268b69ffe95cedcb99a6fb8f8af2ed,2026-06-03 13:39:00.643,-23.07,71.98,0,8dc356692b40a125239297fc5da80eda,2875.9398833333335,36.63,72.16
dae0d50e4864d48579564c022ffc22d3,5be9fb0770fd31550193281b5eff2e4f,2026-06-03 15:47:48.588,-58.04,71.32,0,fcd49e25eb5ce3ed8d8419fa53b5b5d3,5563.704233333334,20.62,71.84
f94201a9bdd3583863ced727ee7e9896,78c1460600394bf4aaa9cc7bc4c2b909,2026-06-03 18:34:21.296,-35.62,68.58,0,d583f0f14234dd4e65f553a39db9be09,56151.99591666667,25.62,68.54
887f5d2b7a1bf849c33a7d67719d2002,2ccfeab83e23788bed36b842d2ff23d7,2026-06-03 19:02:08.877,-48.61,62.88,0,792b322271087bf50df9e58d568593eb,11539.535566666666,45.62,62.83
eca6937e049148a5bda39e708c07e7c6,2c72842226532359c8a282ec89099559,2026-06-04 01:47:28.160,-21.1,64.59,0,02bbc481e21834107dae331217ea7dd2,10082.777416666668,21.12,64.49
30562314c6e4f36f436c0af064463547,b36207790d87bb6ec5245f9cfb37a061,2026-06-04 08:28:11.356,-54.03,69.86,0,b1a159721b90718100a3f454c1a09243,7036.589733333333,55.62,68.78
bddd8d9f3f38dd3e3928f13f8026b08b,03c7e50f8e8df2a2a1e23a32bf4d2aee,2026-06-04 12:46:08.267,-15.91,67.99,0,678951a9e192f55d596b2798e9ba705c,9778.634216666665,47.82,61.59
343b4ce151448a7a582d3c1466698a62,ed571d77846e5a57d28d90f227a5893e,2026-06-04 12:58:03.633,-51.77,64.99,0,c0fee5b233291a6060e6e7104e92bfca,21316.86525,45.0,61.99
36491e63a4e4c0f2a59165304be5bd70,4a4133c42c6e02c9e1065b17f95b1548,2026-06-04 13:20:53.834,-37.16,66.44,0,a6c419b90d47663a7969a423333cd18c,4262.3532000000005,20.66,66.46
0ae823c5cd1ed698f3dc31597fbd5921,2b98f42d8040f92a0021172c96431383,2026-06-04 16:28:44.823,-35.62,66.8,0,10f046e0d710af47387e3b6a0c742cae,12135.694716666667,35.62,66.2
f67441a9c21e32e67cf4d1c1b5456c17,f44e64ebbaebf29d5e77d8bed64e865a,2026-06-04 22:12:29.061,-63.06,72.58,0,cdee41cc66286c711de9903732a77fb8,3664.3391333333334,65.16,68.99
1c4b70955de0911a15d9dfc4e95525bc,19f80ec0895fcad073e731b41165f5bb,2026-06-05 06:25:41.190,-27.06,70.69,0,456f9a380f681a964c47abb093341169,5742.0023833333335,25.51,71.06
d75f25a7776a26214fc4178fd632e372,9dcd2d158f56cc461e86a4ba5aea68af,2026-06-05 08:28:43.097,-50.98,66.13,0,02b98ff7d98ee9ad849a9c327ed0f1bd,3715.67595,22.54,59.09
12bafc8c1b53fe0e125f37487985ef68,1c9d577f47556886d91b9ab9c058f824,2026-06-05 08:34:55.939,-25.62,68.46,0,0099fec1d08c32e8e4cd43028cbead37,18392.564616666667,21.74,62.01
7b1a2fb1f9fe28e619940b3fe7b0d242,ca544cb451e484192ee2de7cb6868e31,2026-06-05 10:49:11.128,-41.22,67.8,0,6a053dfa4d315e265779e4c465c2c656,4156.73165,12.74,86.3
cd1891b5315502a4e12b343d82f25905,12ade5f516f49aacfce3633db1349a17,2026-06-05 12:08:44.765,-43.63,70.77,0,b4d5150d2cf723f0eae422bc72010f17,2578.64305,19.86,69.98
5b2f324ae8dbd47a90a0f214744d27f6,1189dfdebfd2dfc583a671fc08650068,2026-06-05 15:03:31.967,-80.68,70.49,0,f1e86b44dd0eeebc7c52b5560060e99c,79168.21023333333,77.22,68.3
53f2da0eb293d22b66beb846868e1b66,7f5bb673cc3c5b0555443a71a9936a95,2026-06-05 15:27:22.856,-10.62,61.81,0,9c644568405424e7867b24ffe36c73e1,673.8886,15.62,66.26
552a2da611daf2061f5da18650421830,078b7dc3042db244bbc5dfb7cededd15,2026-06-05 15:37:30.797,-27.53,68.46,0,31a134be67cf8d8952a84efdea586df9,6270.055383333333,27.56,68.36
b64b2389460604731a148129db32cb3b,3f7e488bbd6b9cb4366de967158c7692,2026-06-05 17:24:41.360,-25.62,60.21,0,3e35f133760aaede6baed5c2a41d9b20,10480.931766666667,40.62,59.77
91ce84a6b35e72b56559534ea8a381cc,449ff35cdcaf2949df23bb115df0989c,2026-06-05 17:46:15.340,-50.08,70.79,0,b0703d9552e5f7243b4a8c84543623d4,11411.23995,47.31,70.79
73da7bf122d6ec1e3ede1dd42fee88f2,46fe5e6a91e68962e0bd3dffaeb39697,2026-06-05 18:28:41.181,-34.63,68.94,0,03176dee2c43a915d0ff43ae0ae0c48e,7227.805166666667,20.14,68.84
2b1c6038fe652d1b120c0925fe128b71,a9e2ac1e5be87a283ccb5e241f467702,2026-06-05 21:18:21.373,-47.62,69.49,0,0ece50979b52ca09ef2d0c872884e538,10498.637816666665,53.06,69.09
104896e42dbb828372a7f8e295617e25,6c13e3d932916a21f4ee2d34b2eacec5,2026-06-05 21:39:57.220,-25.62,59.91,0,070b574f60e0ef6f9591445065473ed9,3322.3016666666667,47.16,65.88
6ea2cbaf249c27c521a3d184d62b43ae,26aa1beca116e0eb7afdfde4705db97c,2026-06-05 22:53:44.404,-50.83,66.35,0,f231d16618dd7a2a5502642467bdc70b,9155.99995,28.21,66.39
7eebda60a729c1f4ee37f0f935cad436,0e8bc5e3bf07471211c92fb4535570f2,2026-06-05 23:12:49.847,-20.54,67.0,0,941e0b7008492e1a4309120bd01c2dc5,709.04945,28.0,67.0
f63f27b6ccc78f0c4b28d3662dd83951,2df309af13c60fbd838160618fa3fa40,2026-06-05 23:49:26.231,-37.58,63.87,0,a15e941c7ecc85a857b27eba776ea096,9446.098116666666,44.82,63.77
f58d00d502104814486f522cffa97285,2df1dc09316537105645798fe728d158,2026-06-06 05:28:00.056,-56.16,72.45,0,651a40e81aebf37fadf9585e299f2f7c,20172.51168333333,47.13,72.26
e544f3d3a263da2cbfb188eaf0e247b2,3ad3800893e291ff85964f42a47adcd3,2026-06-06 11:14:01.274,-42.01,66.6,0,3b47cb5e1409378203d04c0d99b3a291,8731.127783333333,23.46,66.49
29233d4038ab85f35f839415a838b899,082a706a8d3ba6b10ab85968285a2d1c,2026-06-06 12:00:18.219,-61.22,70.13,0,37b8c817149c51711b1ede3eb5a657ac,19857.35948333333,61.63,72.01
011f43188fd5a9a4150b39ebc4163c74,4111c843a930e5e3c332f9974179d728,2026-06-06 12:20:07.360,-30.06,61.36,0,b0a1db54897961104e0ca37fad7e33d1,3057.7963833333333,33.45,53.88
2aeb1e7c8403fe37d363b3798dece973,83e81c4dbc43c1ed056a40a9057a3953,2026-06-06 12:25:23.041,-41.11,70.44,0,1bb608fc9e1dc5dad69c322d064bdb0b,24015.378433333335,38.55,70.21
b08c7822e1d6974dd758f5324fcb0600,2f1df133f7bedd56afde636437e7a1ec,2026-06-06 12:30:46.012,-49.49,68.38,0,f46406c2d2444d497fcb364a525f8462,58746.33666666667,49.51,68.34
54b924ad7d024222e0b64d69a6f3955c,cc1c38c408a651c26468cdc6247674c8,2026-06-06 15:16:29.699,-36.61,64.53,0,3ea52be2fa4a0cd2599f4b439eb22bb0,2555.694583333333,37.31,63.1
c0cf27da49f3232afdc8e810d624c52e,ece7ee5922f106e25ee16b728d0fe719,2026-06-06 15:32:04.633,-50.22,66.8,0,f291108c39df7065b9ead45c21af227e,3258.9308833333334,95.62,67.94
e59ed955127c9adc98701b493f2b6f90,af918254a8b38d1548e68f7f1e790823,2026-06-06 16:53:30.247,-30.52,65.7,0,5fbe0100c627a5332617e3d179598d5c,25057.394133333335,36.32,65.32
0b028efe2ff28be7eeab8dd995c9fdbe,2697d8165557d2ae3bff964c36c6cb94,2026-06-06 18:39:49.653,-19.6,71.49,0,640a30acfb7905de461de7a841b55eeb,12798.197116666668,63.91,70.8
68343ea11a65c285d3223d59352bcaeb,dc5d3e4d3178a39bf97d060223afa955,2026-06-06 19:24:32.549,-50.03,72.77,0,c6edd9f3192859201c5fa0201431ce1f,10388.730166666668,50.62,72.89
935ecd502332a2822525b282651aa14f,e121dc51916565279de2640e56b376e0,2026-06-06 21:06:59.858,-48.94,68.79,0,03e4e5fc4a75a300a969ba1daae9ca1e,1578.67685,38.84,68.84
a2618a4ebfb8583cd1f5581ba3f4f61e,78266c63c5dad0bf81c8445137fd3f88,2026-06-06 21:51:16.867,-54.71,71.29,0,c31589baf434a21401c40b419e5cf0f9,1213.4469333333334,54.59,71.47
51f07c2761a21851bc5c9644e82cceef,bd740f4d0ce85278f424183a74414f1e,2026-06-07 02:57:49.027,-64.58,67.84,0,,,,
a9ae8dab67d77ead7670ed3e9bbf6549,80703d13ab463bd5adb9bbef37188c3d,2026-06-07 10:31:11.402,-34.73,68.69,0,1084dfe4e026fbb2a0f1b5abe1fa7dfa,12267.4967,35.62,69.79
9fa665d3611639b53d20e2262fcfd8b1,3d0c096e8477459bd2edd949298a140d,2026-06-07 11:05:54.605,-34.91,61.45,0,2d1a89092ddafa0acb403c6a5f01b080,1229.4532333333334,13.01,69.0
b2e2de3426ac30662f51d46781d29a0c,6a74f289e88aae40bc5440a7ca199560,2026-06-07 11:15:17.078,-19.7,70.99,0,a75bc9288df6d0537aa557e1e6bd7107,5565.7993166666665,75.62,64.44
a07e72cba2dfc70a2c269d446dca0492,c10c279813cc794b2a3f51d8fc923076,2026-06-07 11:42:11.315,-20.72,66.2,0,07ff8e295c1b7cfe3214dafe5e9cb91a,7194.824566666666,31.79,76.4
4038024842c0d84960aa54202638784c,c0680145c139c03b4282a22757f2339d,2026-06-07 12:16:49.525,-25.62,64.59,0,402791bc794e6296ce6a1ffac5961819,14000.382666666666,22.79,64.04
fbfc4d5f182daef5e5a3772a6cad90c3,01fd38aeecd70cec276a8afe5d6c01ff,2026-06-07 14:14:15.632,-53.21,71.58,0,480b8e188058b3b44d93fba298fa50ca,15643.467216666668,56.1,70.4
f0f571c32faf1409657581612224590b,ea36ed02f9890ad978cd859d8b623614,2026-06-07 15:54:51.506,-50.62,70.88,0,2d730925a24e988119bbb997c919ab8d,11452.757716666667,23.62,64.01
527f639bf4915c7cedf4694222df7d51,f941fa09886152ffc18a8f8851006109,2026-06-07 16:04:39.390,-47.22,69.79,0,e0db9d5832c6c5238b1b57d4b48fb4f5,2499.6820166666666,53.18,70.79
92ff2d005c49e45028159417320e0c7e,c39a23a2c009f908e3e0d3d41a963bf9,2026-06-07 17:17:24.018,-25.62,66.04,0,f1e3f75cb2319bf2737573a7cc2732c1,5935.923516666667,30.62,66.7
3c7f829648d83cd72fca6159fe25f5bc,d19a2521dd2ca945b2f197a7c83906d3,2026-06-07 18:23:32.805,-22.79,69.87,0,6b91fab5b4721b230be9e6e0be5fe1d1,6957.85045,35.62,69.36
8845aee3e0c9f7155b03cfef12479dd3,baf5fc4230d5e8b8098d7cd0725d5878,2026-06-07 18:47:20.783,-61.24,67.42,0,1476a1da15f4f871cb31cd3b3176ec45,21574.721333333335,63.51,69.09
d2226d3fd03e8a7499936292fd9a9db0,3ef26499c96a9654ae15775b589a9635,2026-06-07 19:58:43.741,-29.82,72.32,0,2d826f6b955c2452f8478953f10fb525,240.92131666666668,36.62,67.9
baa6af3522ab009e6751d2563a334b4e,07057756e81a3411865a2701eee5e380,2026-06-07 21:54:24.769,-58.13,68.88,0,34edcea4a143675316e554690e62ea67,13245.044966666666,19.97,69.67
50a41c7e51114e3cc4d1dc3455856f19,ba90b5b64f7f0e9a870e80ee3ee5604a,2026-06-08 04:26:25.120,-12.62,69.5,0,6178e13130c766aede2794e35c5685b1,4498.522,25.62,69.2
38ab50016a4345cc44c972ada09c2d14,5c7cfbab79efaac079351aa42d3248d4,2026-06-08 07:33:31.716,-30.43,69.97,0,6ed86ef1686a79923897d6cabce2ca68,17063.183616666665,33.39,69.79
a8ef850bad01e9dd1a391c2aecb60066,457dd4649b0013157d85af0522abad97,2026-06-08 07:38:10.416,-64.48,61.35,0,8e9a90cd3fb7d2018fb06aed9e74454b,21557.249766666668,62.01,60.84
ee0b2ca9e053fd5582dc68b95ae407fe,660c3c2ac6e828d8b5e47eb0b988eb36,2026-06-08 10:48:05.535,-25.62,61.45,0,6f65a37cc59d0cc4393d0848c7e6fafe,56180.05953333333,38.63,66.49
bc9db2a2feb746ff462ad991f97b4869,b51e17bf517b5132a2088566d9d880ad,2026-06-08 16:46:23.694,-40.62,67.72,0,470ce985da5120846f5e49004fd4c596,13263.322466666667,40.62,67.72
f7e52621f36fc6337eb05668a7a97d92,01a0ee7df2596758213f405f6288c403,2026-06-08 17:41:42.663,-53.12,62.92,0,e49a075d691cc08b5be78a5bb2cbc71d,51877.18563333333,13.53,63.14
7bd490a30925d060493465b98d330ada,63b05f2f385ab6ef4bf38c1cfb6aeee6,2026-06-08 17:48:10.603,-30.62,65.31,0,2bb67b11a7625bd72a2076ddcada55bc,14461.393516666667,46.48,68.83
3f27fc4dd15431ff042ae09fc68f8ce5,6863dfdcbc02f9deda1e3943317683a8,2026-06-08 18:03:38.173,-45.72,68.83,0,9806b5d3379ebed2bf81eb94e42b791c,8565.989283333334,47.34,69.7
b3c1ad720c2a7716edfd869799c521a7,169d33a942b823ca21f4a5f0a655bae8,2026-06-08 18:39:05.896,-43.51,68.46,0,99c74ddfc80efaab8e57b4efb7ee4462,4891.0311833333335,45.27,68.0
e20d6e720dc06e6a3f81de8880b981fa,7716f4ba7fd0ec1a403915d0974141a3,2026-06-08 19:28:52.932,-35.62,69.72,0,4c62b6c7c7d47b720ecbd21441817e9d,3242.4990333333335,35.62,68.47
382d719aeba642bb1949196352e2be7b,92a4e449dc72899f2f2109db65c4104f,2026-06-08 20:18:58.794,-24.59,65.54,0,f408f3ad193bc7d8a617a3528ec82069,4951.540683333334,36.82,66.98
d07e712de5775be45c413d41100cb15d,8d26b9ea9875279d89f934efc85fa14b,2026-06-08 21:19:59.721,-75.62,69.29,0,37e4a854bc1eb73307fa3fa62a67f620,7110.591450000001,45.62,68.89
51c30bb39ef1531c47d43ecd52087323,eb435a21644ecc915755efe17144390b,2026-06-08 21:37:24.361,-45.62,70.99,0,d718289323646d7dd88aa690ddebb3ce,11593.132566666667,40.62,70.39
e4730b25099235f2d342931386818620,5b78a631f80fb9e1a07d7b3387b9868e,2026-06-08 22:09:19.356,-55.37,67.29,0,61a1dd452ece8e8fb3e81acabc37d42e,22271.22255,35.62,67.79
36b027361dbb54e4eae73cef74dc6e13,c3915cdc9f7b862433e0317ac6918920,2026-06-09 02:09:50.863,-46.49,60.95,0,b017cd4283cf3c9599113b1844f16c30,8639.1156,46.7,60.35
2e943761c17b628fcbf772e80aa43295,a3030869c7a171bf218df723489113a4,2026-06-09 08:16:52.006,-27.52,68.49,0,d81102a4e9117f1d9b7e88b2400b7939,13979.390749999999,34.47,69.32
81d557a312b343b11a50374329492716,2332525ce809d53ae877429e12e981a7,2026-06-09 08:38:54.422,-40.97,70.72,0,6507ce991b18296ac927beab3588417a,7021.684283333333,34.1,70.21
0eee3c7ea5573e568c98ac4027fe6356,b211afdc3cdd3a692d67d8ce9206b0f0,2026-06-09 12:05:32.359,-40.62,70.15,0,3450b8e632587f85e7cb9468664c6679,17449.549066666666,45.62,69.79
2a2468c68c6dea6ec4bdea89c855c442,484e47690c472a863722e7231db80a5c,2026-06-09 14:47:28.397,-36.72,66.83,0,590eb8d066c4951a3b30fdb29ca11c79,5656.8184833333335,37.66,66.83
5a547194eb4532e0d81ef8872ec24081,688d1aa5938ca0f499391e5f57196c98,2026-06-09 17:49:40.249,-15.62,62.25,0,334e9d5bb1458b75a99269010ed28841,12912.2585,31.55,66.54
cfecaa0c727a11ff3ee9734918784bc4,8f9217832ebc2a1129373666868d0aed,2026-06-09 19:42:30.577,-53.63,72.9,0,e5c705bd6a93e9f671bcb14abd020a53,22908.35813333333,53.73,72.74
7d589caed82dca1b70a8c880de8c36e1,435824f44bcb65012b19b2bb36492641,2026-06-09 20:57:59.819,-27.53,30.2,0,7c60453fc7618de9b9e8605adf8af636,18955.570616666668,25.62,28.2
a7bdaba97bb953d388cda8f678ab239f,5875055acf8c5fc7caacc9931784055e,2026-06-09 21:55:44.566,-47.4,71.79,0,,,,
c13e829bf5ea047e4feec654d263e7db,c5541acc578c152db01c15cc575c830b,2026-06-10 08:51:45.740,-40.87,70.29,0,aa277433f91b4595b74e436967c4d646,11618.7757,41.31,69.98
144043e9bda57a5d1207913922334aff,003e48c8e72415541950dfcb173e49fc,2026-06-10 11:47:19.949,-35.62,63.64,0,60b07ab14bd7dff44a523b96baa1b90b,4718.983166666667,49.62,65.14
b33956bbf2bbd34015b9eb57fe8267fe,a1ec22506770b5b6d2cb38196963b9db,2026-06-10 13:31:13.028,-13.4,64.23,0,4ea5c58b15ea061ff5992b1a395a7797,1576.8336666666667,14.95,64.24
322b56d0d77c34bbecf1bf7bb10d4dd1,867e03b44e67d2b95af6835e9f28d838,2026-06-10 13:37:04.782,-55.62,70.95,0,b5ed09eb69ddb3dcf2c052612e16148e,10357.8014,40.62,70.35
4f2dabad74b0cf83329fa3c8ba296f26,89517e3ecf4322059be360b0d016f470,2026-06-10 14:59:19.234,-10.62,65.08,0,af8cfe4ffb51753da874debd8d380f03,14475.0153,45.62,70.12
7188cf40f36c38b11a88a7e4e32319cb,bf121428ee0fe295a4feb7f44f2ea839,2026-06-10 15:01:51.000,-21.18,64.04,0,4a077d1e7fbf188dc51081aadb6530fc,6029.723483333333,15.62,64.04
be1b06c37e573ef1b9f6b49ec73004c8,21974e94a363eff39c607da5e7f5196a,2026-06-10 16:18:56.768,-54.45,71.65,0,ed85d669fd7d17ec390e09ede97f6e65,27424.702400000002,60.62,69.99
f6f275aaa38dafd3131c43a618a1bfcc,b9b37d9b4a102f601dd1827c64e34b15,2026-06-10 17:30:02.510,-47.34,71.9,0,f1fd4fea4c0481e04f926ad42d52342a,4338.129166666667,33.02,72.99
7cd0f01321aee0c9ef0aa61acea9f694,2c503697fd6a4dc6d527bdc31f8a3d1a,2026-06-10 18:18:02.416,-37.62,64.3,0,08bfb47d0f716318ed43b48a071b1346,7352.359716666667,36.62,64.95
e560065b2d5c0363bd7395872a8c2bab,c0124f48109fb964ac92587bd8345d06,2026-06-10 21:30:53.028,-20.28,68.21,0,3dd78b0fb379d2df7f632b4399b363d0,4378.860033333333,20.25,68.31
a1f6eba7fe754a457210784100a8410e,5309b74d026216f971cbfc3bb43add57,2026-06-10 22:54:29.313,-34.6,68.99,0,802d0027fc31fa56e1049d2769341935,9436.078866666667,33.57,71.55
e65f79dee85e06b7e90d051342fb6fe3,14f47e05a1cda3ffdbfc1645012f84e0,2026-06-11 06:54:27.920,-54.51,69.58,0,855ec43fcd4456f57a4e24da0fd92a1d,23055.614950000003,45.62,69.28
50c6178f3b6aa4474ae858a85c718ece,1b9ec480c3d58700024582f13e924de1,2026-06-11 08:59:07.502,-21.11,63.89,0,68ad50aa0444afa793cb120d30606dc9,2786.3353500000003,11.0,64.44
66bafe5e03284483b7c88a8a00214a03,46f36e27278b099a82b9ccbf62b6d24c,2026-06-11 10:27:35.325,-51.62,72.65,0,b7599cb682e2d5f4fccac533cbe5f27e,2821.9853,54.75,69.91
3eef31156999d7f99a217caa2f689a0a,32e1059909c9d5127074b5978e474443,2026-06-11 10:39:16.266,-30.7,69.79,0,4a794e4ec8f0eac50f976fbf46eab6a0,2.3957333333333333,15.8,63.79
fb1b61becc564a4bd0aadcfdacfe6f74,55ad11e082d2272be5a2fc633fd0db07,2026-06-11 11:03:00.842,-50.62,63.5,0,26b11100b3c1b2a5912c97b25e8d3413,13364.9161,37.29,62.5
7784bc522d284554f8e15946a28cec34,3d27c9be43df9225980fa6a5e3aeddb8,2026-06-11 12:15:31.304,-20.43,71.0,0,c654c1087353bbf235ca7ee7db17eff0,20549.228466666667,28.65,72.79
f338f0551ee26b769bfa8c4d8cd139f3,0e3a320ab8eb8ae49c30d466b38822f9,2026-06-11 14:29:02.251,-37.2,69.66,0,41fff701021c186ecc51611f51eec5a9,12081.869816666667,19.95,69.76
f882a797562a671c0992668d02d475e1,517968d0d35dcf2b1562ebeaa44d409d,2026-06-11 14:51:51.814,-50.83,66.35,0,b2fdbab9655e058a733574e3e03192c8,11869.007583333332,56.5,66.2
95d4447fcd2ad1d2512c445fd453b7ae,147ba2162cc18fca2cd62723ae29a999,2026-06-11 15:55:20.366,-45.68,66.35,0,6e390c783685df74f93425660f69b659,8876.278366666667,52.03,69.05
f431b4e36ab4e9bb5c9b716ff4496359,30df6703c5d020067e82d5d08342846b,2026-06-11 16:04:03.515,-51.62,68.83,0,7051ba5c7f4f73dbaeb153abd3dc7869,15971.792933333334,45.62,69.82
368dc5f0af42462695223e972b879d2c,4970eaaa929672da5c97f0787064ec58,2026-06-11 18:43:33.064,-54.27,68.5,0,a4741ef575465e5643abdd7420434a6f,279.1093,35.54,61.9
57dbdf2c3a4c2596bc0a1b108c094120,40ac5f4a4f850a863d42052d887d29b4,2026-06-11 20:17:45.750,-53.94,65.08,0,f2f4b5fe056bd1fca4c5e5737d885852,16625.8956,36.39,64.98
2f02a2527436c37c5abcdf5db03690cb,531ba9269414ae9e3ce16baff408e620,2026-06-12 05:15:27.265,-55.62,70.41,0,9b26476656531d7874f7228cfae8beec,29492.7158,40.44,70.21
fcae924bfce82cf57908112fde8ec7da,43110fdcb6c668afc89c66e77d966afa,2026-06-12 07:41:47.152,-35.62,67.66,0,3122853e19bfb76dbbb99bba14f64986,7997.882383333334,25.62,67.56
13e2ed469a2bc766dd40fdb77759b819,64ffab62e8a4c976e5cd4b6dcf5e28c5,2026-06-12 07:52:36.442,-46.9,72.67,0,5106115311fab322cbfa5d986202223a,11397.060916666667,45.35,70.46
f7887717605800cec4df9938303dad0f,c034cf1c995d62009586c001d91b715b,2026-06-12 08:28:13.283,-38.84,71.59,0,f35c383aac4df47958a9ce114513e91f,6698.14635,34.9,68.29
58cb81997e3f459162d09ef05bcc5656,801001264df98e94d2bbeea889a91de8,2026-06-12 08:41:26.443,-49.13,68.94,0,c36e7718db230966ee355e5adde86a48,16740.400149999998,49.07,66.74
0c05d27d927b16819608da95cd596cc4,17ca881532f9f622701e34f590486bb7,2026-06-12 09:48:44.482,-26.6,66.76,0,d851c4cc61af4a0ec096b7e8073f3189,2534.151533333333,20.6,66.76
e5595c85f77d404c04d1642c8b768f25,695c1063525a94cdef2053131908c32f,2026-06-12 11:08:23.851,-40.62,68.99,0,1e5363639d593f9d2ef578f4203c7ab7,7312.20285,45.62,68.88
931675a2481fe9c8cb17fddca30d611b,5d08e22a2bff09dba3da8f59c08cebea,2026-06-12 11:40:58.167,-50.62,64.58,0,c59931ea13f33ab0b6975cf16089c260,24267.069033333333,36.62,64.5
439c1ad0d049c2dd2f45d7896c774359,0dd28a3866339ba0e5a2a8420a294c53,2026-06-12 12:06:37.280,-54.49,71.61,0,f78ac107d35d7fbbdb647e4e970f2a5d,11551.3663,54.77,71.2
2767c48cea38799745045927be24a933,c56eb2fee7ac5c5e0b695bd79c3ed47b,2026-06-12 15:18:33.590,-33.76,71.05,0,4301306e0adf036926672193682dda4c,3129.8166333333334,26.73,71.05
2db304d3c14c191b8da61df74e937644,b984193b7d9dc8718401546297607dfc,2026-06-12 16:00:32.146,-37.87,71.3,0,7e10c7af452554925b946afb9522a378,7567.108716666667,35.75,69.69
ce478cf9952e8ad8e2e8ae7d636a85f0,97aaff9591c5e4cade4e087df6c40ee8,2026-06-12 16:31:27.742,-21.19,64.2,0,8d7767657968e33c07c2336d9ee07745,2670.84555,36.86,64.01
3e020a0ea81f2b16f6d6d002f06ed41c,ab883fa70c804991383f0ce978c4f85a,2026-06-12 17:10:02.752,-39.49,70.94,0,,,,
48040b49d504f9d014a78762350e5bfe,6de3b65662ecbcaa3f133c238957cb30,2026-06-12 17:51:38.215,-16.83,71.35,0,c4389fa14e69a20d8fe9817624cfaebc,1720.2456833333333,19.69,71.04
f7b3c2d9ab82c0825118bef9c62dab86,bf355568f2a6a0e2bdf827b96f8a1e43,2026-06-12 20:20:17.915,-60.46,71.27,0,5690b07fbff87cac44bc66ede61d45aa,25127.52675,61.66,72.05
75389bf6cefbe7c5782372460dd4a501,56c5a8b272b5e081d21a59e46851684f,2026-06-12 20:23:12.073,-35.49,70.81,0,973886e7f29305fffa83576c511f190d,8452.8607,56.38,70.6
265853f5b5445eab45bf300938a1682c,d0032c1d522a5cbb7454ab249bfc3fc2,2026-06-12 22:44:37.832,-42.52,69.47,0,64f830bd520780bde5ec947e3e26a926,9252.22285,44.62,69.97
b77778e121a1a8b930cb6c84401cb434,8f33956a2854a0b98676ec0d10c64c5e,2026-06-13 09:44:56.197,-37.03,63.66,0,bdfedc239b6302c104b28661e4598a17,9983.182533333335,37.08,63.56
7f936403257c72a925b3e577baa8acd7,dbc854e019e8d2ac36d30750fecb6838,2026-06-13 10:41:42.367,-37.17,63.39,0,3cb133211b8092a6dd9275f10b4bd5ce,15796.880616666667,34.88,61.5
7df24f3b8aecb79c8721ba8a480bb056,a75dca2288e660fd3d868e5974e2b60c,2026-06-13 10:50:09.706,-28.25,66.26,0,e3e09dc559f56efe3548ab511e58b61c,4588.375533333334,20.7,66.29
c5042cc1f74a07a5c0e12519e075b010,5bcb3ad59df7968abcfb40c9419cb793,2026-06-13 11:26:10.169,-20.19,68.56,0,23c6420c59d21ef6a8349ef7b8d1d301,4210.385816666667,20.22,68.46
85ea790c1aca44f8f2c5e72bcf02c390,654bdf74cac69adafc3ce7d1e6c23f0d,2026-06-13 12:28:53.386,-20.83,65.73,0,1350d0cb6cfc269de28a6ff1d918cdb7,15460.819833333333,35.62,65.33
67fff8d8daf54f60d647489454d65ff0,88efcd26262a3e909fa7b5389d7c1c73,2026-06-13 13:40:02.690,-27.14,69.69,0,f091dbc7e25a4beac5d757f5b80e1783,4243.797116666667,24.27,69.69
b53d45a9c844e4abafa362e0fd908dc3,bead661efb392a4b4f47d831eb1e0f72,2026-06-13 14:06:19.677,-30.62,71.53,0,3258fcac268b089893e59d88448ecf77,5962.0041833333335,6.62,329.0
64f41934529e239645ab586a02cf67ad,fedf555310bb2b796b756ee42e160887,2026-06-13 18:38:18.702,-30.62,69.0,0,6a9031dab73b41514358f16aa7fffcf3,7362.839266666667,30.62,68.12
2061ccab478afe1bb0c297b00c6d3d48,25149564e0228781b4ccc2fbdc8a39d5,2026-06-13 19:34:15.392,-16.11,70.14,0,1a17e535ceab342a71b1c879ccce3d75,2895.2999666666665,45.62,78.19
062c70d4559f6f8cf85670bffb946620,7951d987d7b3fed9e8196ec84abd629a,2026-06-13 20:04:30.960,-12.97,72.11,0,,,,
d4bbb7df3d9dd471e1262a0ca732349b,57788ee72d5b2316a577ef0af421e17d,2026-06-13 20:11:47.792,-35.65,66.59,0,bf246cffdd53b7988a765956d94b1eda,79415.59003333333,35.86,66.12
608181ae32723d5fc557cd5e3adcf30e,3bd602a422007c098ea534ff7433096b,2026-06-13 21:32:05.899,-43.98,69.47,0,9a80a6a0dd2c0e2318d53a703123f9ff,4348.850783333333,34.3,69.73
3502d2572b1cd2cceb2afdff8ce3b246,b98ce25005f442eefa9f90c1ab915df5,2026-06-13 23:37:25.836,-53.62,69.95,0,1eae2033329de98a91c4ca2e3ced5979,18791.6486,45.62,69.19
e32e41954fbc2f9a4fb2e184bd11ea04,51faa33f6e688d4f1a194448091c97ef,2026-06-14 06:54:35.274,-21.74,62.0,0,40393deae0f42ac3c9ee086639397325,11567.309683333333,21.74,62.0
3176701d41c990b969b7e275c4412c3b,5d2c34f93e0dbb3d0a8c90e989ecab56,2026-06-14 09:09:38.047,-9.63,62.23,0,,,,
1df012148f3c7eee540c12abc942ccaf,30c812c58fd0874fdc5534ce1bcc7db6,2026-06-14 10:48:13.462,-40.49,65.95,0,f39697941f75717cb9ff71e4e7755698,6854.5381333333335,36.44,64.88
1577d3c8de0d50ac531380897ba5491a,023893fbdf27234ea4e15cbb979c9678,2026-06-14 13:47:43.510,-35.81,66.23,0,67618cc68d7e648f4183ff98662ebc7c,3175.4707333333336,25.55,66.23
4851268f7ad3d87aa1ceb5ea6deccdd1,b7175bf773ae75509e8137ce386287c9,2026-06-14 14:48:07.658,-75.62,63.42,0,cc01fdec606d63a58e5c3b8bce3a2f41,9562.290050000001,50.62,63.62
7421998506aaa4df88b3f69a1638200a,29032770dcb61d5a2933ae29e6ea1671,2026-06-14 14:56:30.648,-34.76,67.29,0,73518763058531bee91f6dfaea2f9245,5649.904083333333,28.97,68.51
fee3064575d4df0fb21ee000f506c9fb,a717c2e56173ed0ed64e8a1ee9865515,2026-06-14 16:12:53.308,-33.62,64.25,0,1b7d2a3734ca0b1067855d461990cf8d,7204.527266666667,35.62,64.25
06768aaa93c4264d3c02a4c72c020ad2,fb6b06972945a1aee75c077752a4fb79,2026-06-14 17:56:26.156,-45.2,69.9,0,882ac239d588f1abb54ba783aa8bf064,22886.590166666665,40.36,63.61
138f5891c4cd4f78e29f2400ae6aa75a,b82fba5c6970c8d6858763fad482406f,2026-06-14 18:50:21.872,-27.9,67.29,0,7442519a2b7f600a38f359da0fb72c2a,20370.53875,27.96,67.09
93e2d67aa88a54a034eb1c0ac3cb71da,43bee79b84bc5977016e82859f283f4b,2026-06-15 13:10:29.371,-48.69,69.64,0,3bef64e6215d66b5e0ce6c82d95dcfae,13305.612966666667,33.87,70.79
a177e74173270034329e9fd5da4d2647,6915285549065bce3db236b9cf907871,2026-06-15 14:13:39.321,-30.62,64.63,0,23b3ff106fe64c848cccefe443630464,5525.808483333333,50.62,63.69
89d2116e64067c4f04764fc4a822bff9,750b17094a39d86f82aa9cffd8ac6a34,2026-06-15 15:11:33.604,-55.48,70.96,0,dac41cfca6eaa56ebd81dfc04866a400,2642.59945,53.99,70.91
a458c69457fe491d189f4f14bff001ae,8033d716c34699120c5e13301eaf6997,2026-06-15 18:07:33.868,-25.62,69.25,0,3634debfa0063fb69c60ba8f7c7e891d,7505.209483333334,55.62,68.46
e80d83d28826a2b11a6cb3a0a31ea6ca,4a91f809aca28ad10c3473c1e0a5615f,2026-06-15 18:56:23.893,-37.84,71.38,0,1d059840873e575557c0ac195f9d9fac,4678.019383333333,7.62,234.0
be4b54220fdf0ced3ace4f1f0f789cb4,92132fac1ebc02a6a34815538f18a703,2026-06-15 22:05:16.944,-45.14,63.25,0,e711d65030e7a079c2e36bc763093d90,1588.7546833333333,19.62,72.56
4d222ec7f8c231a40e660bdc4d9ad5ca,dfc3330767ffe57889b5d80a29b64d09,2026-06-16 13:53:06.224,-35.62,66.89,0,2221e037d8543cf4f9cbbf42cd35a7ae,7410.7473,65.62,66.9
201999b863d4544890a0c90d8c4650df,bfad0ee4148f16f1371dca4c84fe7ac4,2026-06-16 16:22:54.185,-30.62,60.3,0,74f938a820950f7cfc6e30441c28e73d,8819.283866666667,27.62,59.86
b8c8b115b91d9eb3718031f8b1e72d5d,30426f2500b894687a0f9c1c2c4c4b85,2026-06-16 20:02:56.683,-40.2,72.29,0,2975803a2364ba89f89810c29870efa0,10796.462366666667,40.58,71.49
1d04d97d43b1d0a87d5e6be5b80ddea8,751c2692910ccb23432614d7096b9fb7,2026-06-16 20:40:54.192,-59.62,70.59,0,0d79c88da3cc19d1af9ceacf47a27655,6158.438216666666,8.62,64.69
bf8daa33b9eb8545825116dd21de970c,18fbca7d6ba2a6b14bd9c8dd07aeba32,2026-06-17 06:47:27.705,-27.68,72.5,0,eb30fa276ec605222d1f66f70449ab92,7130.278316666667,32.84,64.0
5b2c2fe0c5684d312eea76c144fc6a94,375964d2cd0d1850921fe5fc312b207c,2026-06-17 10:11:40.901,-39.03,28.5,0,d9c21fd0f9fda0190fbf75cef5997d1f,2773.38855,45.62,26.0
4d79757630a2746e8aa380089e308010,5e559e320bacc58862fefc94c1426684,2026-06-17 10:56:18.246,-21.68,62.25,0,3e60f376cc45eacb3c00adf78f319744,5177.357933333334,30.31,80.99
6ba645e97af2c36c88dadc8b6b79316f,292f354480cbfbad074a6e27c47e6124,2026-06-17 14:29:24.045,-30.62,67.73,0,ba25e621800e90432928ef4f92a07f31,4085.655083333333,20.38,67.73
1d024154100862d94beedd9cd7c733b5,945a32f60692a8e3ed6001ac23620c4e,2026-06-17 14:35:10.731,-65.97,69.17,0,30fbe714807e43534829a1d9656334cc,4005.4328833333334,63.48,68.61
25842c66113c52a2c57577cec8e29440,7b76b804b437f382d346f420999bf964,2026-06-17 15:48:31.989,-34.8,68.52,0,b471079cd7199309c1ef95d5e59c655c,16067.687116666666,27.47,68.62
66070bc7a4c36f237f800c17e972ae53,6ad1e5a372cc5ff9dc9bdadf36d6b690,2026-06-17 15:57:33.657,-43.06,66.76,0,a4b8c8ca6125480094bb0e4d5d664d75,9882.933366666666,51.08,66.66
41c58d4c1745693ac52ca03d3fd7a54f,50354a6c6630784a6e2f6d14b1a79b8a,2026-06-17 16:21:11.757,-15.62,69.35,0,8b378a87eab605ab4b58f4ad1292d3fb,2692.1531333333332,63.07,69.35
503aa914d38350319c5379257e311720,4b2ba7477a1b4ba4d0299c6f96c94f20,2026-06-17 16:34:13.861,-55.62,71.65,0,85b2cd46b71a9541e1c12d1378668595,5723.753,50.62,69.84
1457261e83fe4b5db3ebaef9263ada93,8b29b837e889d04b1baac18fb330e9ee,2026-06-17 16:58:39.949,-28.68,69.71,0,4a43a028b5d827270d912af327df7c14,15890.799733333335,40.62,68.89
792906dae9b6465cb91a61b7f3874153,bef0fe85d086d8abc68930f83c8a3220,2026-06-17 19:43:41.826,-52.36,68.46,0,d0b1bf1ddab440f1a66b2d8e7a36dc61,3192.7968833333334,51.7,68.9
cc6262be3558d94a1c85770bae893d5d,0f392eec4c901dfb55e4817f72f33457,2026-06-17 19:55:29.071,-38.75,68.46,0,e26824c4ba1169cf49918f5c2520ebbb,7577.362666666667,36.46,68.76
6ce2051ea55d103dad98ffb6a55b09e6,45bb37b67833fb3c3daadefa7d922597,2026-06-18 08:11:52.086,-35.62,71.79,0,2b3868c60812becf4698ed60bb462f96,11490.083083333333,66.78,70.79
dc1287343285037b9cc0c29ff6a69318,a291e08f99482b31a4fc6a05e8c87355,2026-06-18 09:36:37.851,-34.86,70.57,0,cea59c40d37d37de07d051b193830aa7,2671.0992833333335,19.79,70.57
d897f3db97d73163c93a84d8f9bf5a78,f8d5eb05dd250fc9aa919ea1539b7396,2026-06-18 11:48:40.079,-21.82,67.86,0,ef90238d63793dc9a0209f03607ef732,4290.27095,24.78,67.84
8349146bdf7fd27dd26f8460a5e99915,91f0c0e0c6ef0711575928ebacab9087,2026-06-18 15:12:26.736,-39.8,64.35,0,ad5729edd0a15c07716be38f60f70055,3148.12515,39.8,64.35
50cf1e2744a1f98cfa28d2ed3bc225c3,7d6c65050358f2cfaa5bb9714edd9c99,2026-06-18 15:24:53.724,-62.03,71.81,0,6627f19b5781f48f4eb6f9d4b45c4833,3220.5393833333337,52.63,63.88
ed14a0f33a88a0004de5d5abd540270c,1df90cd7961dd75045af370182cdc53a,2026-06-18 17:10:26.024,-34.48,69.3,0,5d1d5421d48cc7c872b25815f21bcba7,7568.792083333334,27.18,69.55
9103dbd124909c0d9bc486cf2466bec5,902f30debf69b2b54149266b7e411ceb,2026-06-18 19:10:07.444,-153.7,67.53,0,bb108bf3ecd8bd541da9a51d1c29a053,20247.91358333333,61.81,67.33
218dfa371348f70b9a4c5a3e1d313cad,8cce2f8375843b6c4b8a04b21fbd65fb,2026-06-18 20:04:10.272,-24.2,64.56,0,5cd7645aae36d3e9cd2fb952043c4b53,3223.447416666667,20.87,65.55
7d5f2993337a98365ec24214b120bd46,34ff593e845f1117a855181b24a51fb6,2026-06-19 01:59:57.210,-32.91,65.94,0,b7e10190cc1a5eb23a86c3c8304e1b9a,12299.4939,34.29,65.5
41f15811fe58736af2c70e4efaf57ff0,4a52e1344e8695d7ef8548b2105cc147,2026-06-19 05:31:19.741,-19.99,69.76,0,6b247f1cc7a65c17d4d7d7f43408d32e,2878.227966666667,43.02,71.76
d69bc3fd09c6504de6b1d760bfb2d81b,3d65e269551d31169cbcf02bc9d3e864,2026-06-19 06:55:25.203,-55.23,69.58,0,4c12c52fc8076abefb469a2984cc41b2,5740.649783333333,53.83,69.58
e71af1f0b952cd96534dbb3a0af78f43,4e1fdd9bfe1c1a22591e8ae3b5363273,2026-06-19 08:39:49.103,-19.62,69.5,0,eeb3b4dfc097f05878ecafce42f09f4f,7070.968,43.0,65.24
c56474722e6805f77efbe239a12d7635,540cca2cf03e4116914b402895e3c3fa,2026-06-19 14:14:23.895,-49.83,67.85,0,8c26751ada0087ca14f9945be065fb37,3328.7100333333337,21.31,63.72
097aefc7baf18d1f5bb1198b19a16c1a,9c3bbf7d626ddeafe38e8bd34253d9a7,2026-06-19 17:21:29.765,-28.64,65.15,0,51720d8158dafa47d1145bcebb9a0fab,4043.289333333333,21.11,64.55
f8da7327f70c49500cf4bd0b81d67000,5d7edbe68061851f73660a9b4ca290f2,2026-06-19 20:41:45.611,-45.62,68.62,0,a2af84e58a1fa39a5d54ae38af5ddeda,30332.669533333334,25.62,60.87
eda4629bcc3589ef38bd308d19ad7374,3be468b66f0a478d1c00f0f4acb9c770,2026-06-20 02:04:34.482,-53.0,68.45,0,e219042f56643e2a1a45864d322f0b86,49411.10685,53.71,69.56
eb7fddc70f7a2dd6c0046f3e15d8f6bb,5a1e18760ae1508728e9ba83b09d500e,2026-06-20 10:44:17.989,-35.62,65.8,0,946cd84afdc529667a245de5739dfa8b,20139.54711666667,45.62,66.75
7462008fce33e032de6b40e1fc2a309b,dc59f1e095954fd445122fa9b1ec2d60,2026-06-20 12:32:27.685,-35.62,66.35,0,d509f8b3fe512a4150fd821da8716c5f,28514.803750000003,21.46,63.1
b17aef7ef8fd9533f6109524fc1fd270,8b7aec5f201a1082920f9d478749d7ee,2026-06-20 12:33:44.198,-53.63,29.99,0,a81f86e7f18d5c518501023dac9780f0,4049.8589,55.62,29.99
a46db2c619b989054dff3ebf912118dc,da0be81e503722a33c8ad03ce4cd0635,2026-06-20 13:32:23.791,-20.76,65.35,0,b18f3aadde663b2d14e36512e2faa251,2.7777833333333333,19.25,65.35
d32d39f5d992ca6cd566ec0f98c95a00,713e717f4ce8d00ee4bc58098045cc78,2026-06-20 13:54:37.699,-43.16,33.9,0,c31bf1985dcaa5e242955762e270acaa,6747.28515,50.62,36.9
b565425856f73e0da779e2ed30fb5f69,71836bb764cf6d10aecfe246fb689728,2026-06-20 16:12:10.945,-75.62,69.39,0,d6f631ed7028b33dfdec8bb8f4307709,9661.596266666666,65.62,69.52
19a265dfe0bf4734adbeb305134c7c4e,1ae35e6ed13967ed592a3d536a93569d,2026-06-20 16:41:53.835,-23.13,66.92,0,a73db9f23aa5df00e6244d54e6c15d44,10597.1802,20.62,67.23
491e0926a95ea687cb6d3df7bb44040f,f298e0a9960316cbc3be9e72fe36e618,2026-06-20 20:40:34.221,-28.23,63.79,0,342c04f9272f87b23b3b2338498ff4b1,21781.498166666664,39.61,63.36
56e1081368b1c1040e3c5e44ad653f67,1f38654e9a531fc9b0a25eb4f600e921,2026-06-21 00:18:03.216,-35.49,70.29,0,38f6c7e2535086b58627262cd4a0285d,9846.585816666666,49.15,68.91
2349c5f8dd789a5cd2a8de03573b6923,4bec841735bef8dbdbea4d859a1eb888,2026-06-21 06:11:44.430,-37.6,62.53,0,3dec30252dda28837aea711ab991ac7d,5154.501616666666,37.32,63.08
85bbdcd693765ee847a037b888168c36,de64b226954cd5682a973e4289c6c009,2026-06-21 12:41:22.607,-31.46,71.45,0,adbc196a06ae5239c6f3f0ea20c92393,4016.75315,50.91,71.05
8a3009257111e445c1338a7f34beb6e6,46000547da31daa453a2da1758dec4d0,2026-06-21 13:44:52.130,-20.94,65.25,0,bdf964d3fb8f0c34beed2bb5661cca14,7152.798516666667,19.62,62.25
bbf584520e28e3557cb78023f196c514,323e2a01cbf46fbb854e87f12789ec47,2026-06-21 14:11:32.803,-41.94,68.86,0,8ded184ed7c2ae21f21cc84698d16f05,9056.386816666667,34.72,68.76
07f2edcaf994c3b95ae36108a3a18266,ec8418f0360915b72b39575ddb84f210,2026-06-21 15:59:07.962,-35.62,66.35,0,b912c110000fe8d3714860fcc824e125,15640.7346,53.44,66.35
fd3717a6b11c441ad1fa922762202714,aef18b7a5494c6a9c93e448f594acbe2,2026-06-21 16:04:59.592,-13.05,67.27,0,dfcd3da1ef47d38a6ba6f3b283a7d93c,5718.3788,35.39,67.18
26b7b3db6256dc40f860c00d6743a1fa,3adda2cd98b4f77f5f2e3bda23f75f76,2026-06-21 16:15:57.888,-10.62,65.94,0,8a4ce45b802656d2efab7c72bf198b60,2862.29445,20.96,65.15
135fdc1f072b8b4ce1284c00d2c82981,e0a043f35e5bae1c95312fbfea91e5f6,2026-06-21 16:36:57.618,-35.0,68.07,0,a6e7ab331da4d896eb992f54d4115766,6353.265766666666,28.03,66.93
82b83b19163edff40b121ee6a3a2084a,3ba984cf68c65e531634f8f8d326a058,2026-06-21 17:21:05.568,-33.81,70.99,0,9e9a278574b00d1b16b3a40f35e1e574,57.72613333333334,41.67,99.29
e92aea235fdd7f5eb336f579aae731d2,231affb892ed136f0372d298927cfad5,2026-06-21 18:48:16.437,-30.62,66.35,0,a72e2efb417895fb4a61e388f526a4e2,24631.3281,46.71,66.39
abcd913ccb903973158f83f65900f737,faf356b0d60567d2ed32bdc319613549,2026-06-21 19:04:30.275,-35.62,71.09,0,36b5e5775a849c158b5e66cee0f56d35,9832.092416666668,47.6,73.67
bafbf392b94bf6f35db220b31f7423ce,02aa5eb8577a073d6180102a6009e93c,2026-06-21 19:39:41.161,-35.08,67.88,0,6aa8dc8c21ff1bf98942878750c6e306,3049.195583333333,40.91,84.99
a237d8cf602b57c47e248ac1e07ae37b,fc22a448000d78f8091bf965aefd05f3,2026-06-22 07:29:55.300,-32.04,66.6,0,d2bf2499925c924318e696563274fd27,40121.7807,24.23,69.85
5fc75339ad965af0b542ff7ddc3cc749,810e0ba0dbc1a7242cfbf601081c8a5d,2026-06-22 09:04:19.422,-42.29,62.25,0,0c56dcc33c7c368bb8eb2b40a836aecd,16576.298583333333,49.33,62.25
a0592952150d525e5fb608054affdae2,7b6088024daf2066b59bfecb59c97b37,2026-06-22 10:03:42.360,-35.62,31.0,0,dbbaa7f95fbefa89603d55cebcc7ae8b,2595.8753500000003,41.86,31.0
12a82a3bc26579f469af1b87b75802a2,2c076f6b138cce1f57115e35b58ab82b,2026-06-22 11:12:50.808,-41.16,70.36,0,b52d04d47c88743e9db405943c258fc7,4407.358266666666,26.98,70.24
03efdf5ce365833574412c65d2641dd0,d69e0350cda2b11d80ddb4fc0de3b870,2026-06-22 11:57:10.842,-30.62,70.79,0,7e776613135f80d9cbbf005c7e8d62c0,3882.207033333333,30.62,70.79
c756edce369387a9c00bfcf86ccd1ed3,91e5ec63c26bed77b1e08b24d5daa400,2026-06-22 13:49:14.989,-50.86,67.05,0,dc6ae1fd9a6fe5c15eab608608c2cd6e,11336.082816666667,54.67,66.95
2f3ebf349ae589c3b02af683c26dca28,0b6076b6c8283318536b58e13409ef34,2026-06-22 17:58:11.895,-28.23,66.32,0,4e3247ea2c5655456829d110c4ce44e7,5653.4373000000005,42.07,65.83
6c63c440b74307aba3d35e93fc901e9a,324910534e60bd81568428fa12778986,2026-06-22 21:10:24.519,-30.62,70.36,0,7b7b097f5409f791b52d0921a8dd4e76,7274.7081,44.41,69.77
8a8c4074a13af51fa95d251ed6037f98,e0fc2cf36476b8613102056d921a21b4,2026-06-22 22:19:28.100,-35.62,66.35,0,d0177cf0a73ac8609452dec3642321d4,2198.172266666667,35.62,67.35
7a4be8873d995fcd8a0cb64dcd09cb7d,d9d9d64df76c3959a37b381ff2bf7a35,2026-06-23 01:07:25.025,-21.23,64.02,0,bf55c864ea368f15d3e00f5dabc023c4,17529.293500000003,45.62,68.62
8755e66c339ea95473c9e3a43b37743f,aa3f16aef644a4b2fb59ac83e3280379,2026-06-23 06:17:53.785,-50.62,68.73,0,6f314dc91811753f9557982bbf4e20e1,38313.80001666667,47.68,67.95
fbcb67a1f6a1fa40f24500bda416eca8,cf5eb8bc8467332b76c1dfc9da32a3cb,2026-06-23 08:02:57.885,-15.17,62.97,0,bd6a2831f034f47321c0e0a2acf8032e,1336.1474166666667,14.59,63.07
8e52ee647e1410473ceed6841c218381,91e5ec63c26bed77b1e08b24d5daa400,2026-06-23 13:28:40.007,-17.1,66.95,0,dc6ae1fd9a6fe5c15eab608608c2cd6e,12755.499783333333,54.67,66.95
d8ced96ad144180fbca1eb0bf1ca8af3,ba2821d410c73431a1c1330424419d63,2026-06-23 15:06:36.778,-30.62,68.64,0,046d3bfc57b0a264fc99abcf563b7769,12901.973416666668,53.82,68.64
7a167e4c7f065c9000189acaa0ea8d00,96cf377e85a97bfd7381ec4f22d24377,2026-06-23 15:34:55.059,-30.41,72.52,0,fa6b84d16a8bb350882abbfd22292d41,1296.5605,47.78,72.57
14bcaa22d89d93e9cb87fa392dee165d,0aeb90f38955e5a185b882d11d914318,2026-06-23 15:39:50.646,-45.62,71.63,0,a8b0030d81cccd5d9868a1076897fb14,22903.347466666666,57.34,68.2
e85b5899acf6268f9758f2b42a82931e,f619e77e1026dfba61e90e94366709b2,2026-06-23 18:14:11.514,-26.39,69.79,0,18677a93e01b0b76d4a97c896ef51c5b,1550.66905,35.6,69.79
6a5a6f08f03d6e9d6de1ceb40512ee40,9dd66cd9ea7a28f13d4ae2889e1971fc,2026-06-23 18:58:01.377,-40.62,71.27,0,b2921179616fde7db40c96b942f25571,15139.974716666668,40.62,64.46
ac3fad2a701d38796b247466d7d41bfd,820389871eeb3e46e8cb6bbab4fff54c,2026-06-23 19:52:41.531,-45.12,72.07,0,6e5a1191ef6da1afbc7cdb2297846c16,13281.332183333334,43.68,70.61
eedc147a733963ebaf796049cd51e5c6,edb1fb775c802f8b252ab51cb0d976e2,2026-06-24 08:46:59.176,-35.62,70.85,0,c3ab09adb0f2a0f2ad0116d365e68c55,8285.427616666666,30.62,69.17
c8efa932ba293ae990c388cea130a7c6,10d0d478943bba38775c149a80a188d8,2026-06-24 11:45:34.263,-24.83,62.45,0,f34866aaaf63f9ecc080286369bfdd65,15769.961183333333,21.18,64.25
87d5f36b98bfd57b6bb58f87dab67fe7,b4763f0c939246e4d7845be5a2fc21b4,2026-06-24 11:46:02.906,-46.36,69.1,0,b93ec7441d6c2286ddc0c3898fdbd926,4485.996983333333,69.85,69.1
b2bd8343bdba04299c8b3343af637d9f,963ad86227d385c74e1b1d10e6ad42fd,2026-06-24 12:29:04.495,-34.1,65.15,0,a7a152124c417dc14db0c70d94533f6d,5617.411183333333,50.78,63.59
47cab5af1cf6b43a292d28869d9abd12,0e59ddb5895e44eaf706730be0324c71,2026-06-24 17:13:10.915,-21.3,63.75,0,ab3f5c9a284b6b793ea011757c22165b,3353.0670833333334,24.95,72.42
86e2782a1490fd9a4004309c09d24040,982b5c2252428ade54e51b64eecfb252,2026-06-24 18:48:53.431,-45.62,66.48,0,78d32f9f337f81340a7194141d2e467a,406.0606333333333,45.62,66.48
934208644dca60e769d61db2d59fb744,39faada5ab5ca95791db2c5709df8424,2026-06-24 19:14:06.808,-35.62,72.64,0,f17d7e2ffcd2a5f71ad778714434eaf0,6150.6426,65.62,71.81
5e1e9dfb490edf2483ecd0d255e2f146,b76593be87a5e106583ff02234ee02ef,2026-06-24 20:46:32.145,-45.62,70.29,0,c5289277f5a0ce06efcb2585ff4b0808,4599.372883333333,35.62,70.79
0e62f061d099e4e6a600026a3c63f6f6,a24bebd887867d8545075f41b169ba1c,2026-06-24 23:28:30.472,-45.62,70.97,0,6b82975b754f829897dd139395bdbb9f,4748.547416666666,48.26,70.13
ec82cf7178573a08339847c8fe09bde6,bbb27a28d6641e69a07ed0f05af19221,2026-06-25 03:55:55.979,-35.11,69.57,0,803b1a2744a824adcce834ef280fbd78,494.20554999999996,44.16,67.45
05501a8979333c7f98c77d3d7318889a,4754d7518eeeef7c4ef730781757607a,2026-06-25 05:25:00.154,-37.22,63.28,0,3d833066c760fd894ff37eab84e275b4,25607.619183333336,45.36,62.9
3c41be471efe2e8243b6a09148c70c32,5643cf5952108cafa564fb1a91e20210,2026-06-25 07:13:44.338,-28.31,69.86,0,f1c182071143e0732e94758d7f12f1eb,10081.403983333332,50.72,69.76
cba99109f6ccecdbcd900fdccdcaaee6,1503effc8bd2f35330859c276579fe48,2026-06-25 15:32:48.634,-35.62,68.19,0,7d1e0c5b9ebf5e27598097b90fbbdf37,14231.671166666667,51.38,70.59
9150c7cf1eceb78362b3076e6fab121b,b5c9f5f399facb7200468fca95ab8846,2026-06-25 16:59:10.884,-20.48,67.25,0,4734b24c4edb2b996db3902794d41da3,4364.120533333333,27.92,67.25
c6d017c71e38b1cfa3bd9748a7dcc53b,5ccb896feaf49bd2226a8cf5fa976538,2026-06-25 23:46:44.211,-34.89,69.45,0,f6b3b2f5570c6d156489c3b433cf7713,16422.7952,48.87,69.35
2252ef2cdea8053a41d8480759039de7,6d2d167ca11642a47a1897fdaa603663,2026-06-26 06:43:57.866,-27.73,67.82,0,b174b3f32f3113c6753232b67e0debd7,5764.933983333333,25.3,63.81
f008ca52fcae17a55a62240f8aeaa5a1,b3f8d6bd24ac408e2b4db77e42223530,2026-06-26 08:52:06.561,-51.34,34.48,0,310f4bd806bb28c04626a948470d5d47,18289.077283333336,40.62,30.95
6db8c6fbb6fd22c50843e77c55bd7f3d,a8ee1ec67af5cc0f2dafa23c567a50ec,2026-06-26 09:26:02.494,-38.83,70.72,0,85e0ff9b33918f7670c633fc64ddb45c,4126.217683333333,32.64,71.26
49d869dc9aa8f2944947b9ac6df2724b,f9dd0e29131171da074af6fe77fe5766,2026-06-26 18:13:52.448,-36.71,64.31,0,c2ace96849d9ef11e9d3794b7dc64898,16211.237516666668,31.41,65.9
4a8e55bc877b43e04b8cece60ab10c2c,4aa6eb1df7f29c86f8b23e33fff268e1,2026-06-26 18:37:52.610,-45.62,60.74,0,1a9eebb4b3e3a29284a8afb430d6d8ad,5667.821916666667,57.35,60.39
a14b4bee2263818b7bda77d623d4c97f,00c4c81ae8d446d9b949b50190eafb4c,2026-06-26 23:00:39.703,-45.62,68.49,0,b78072518e4bbdeee787509bd2efeaad,4341.6059,35.1,67.82
07a9eb2a2bb64c7607faa6f5d2b3e87f,54036c1ae50e8c167839131f1275cd47,2026-06-27 08:25:15.296,-45.62,62.83,0,335ad429fbd5bce5c366a1827f5dda58,5212.200916666667,29.55,62.67
242878edb09ba4bf21cde5c191c10572,df458fb75d841da9f88d8859cc5a9dfc,2026-06-27 12:44:40.933,-15.39,67.56,0,d6ef0da93c331db317f17f7515ea318c,7616.65615,39.83,67.7
65490397e3a73225cd62cfa8483de32a,191f6fa5486f86c57527492d3bce7257,2026-06-27 16:05:14.505,-20.81,65.81,0,56da73ba2f5df287a63c60b5eb39b5c7,4571.175783333334,10.54,60.88
1907c761ef836de6b92b7c56e07482ed,c9625aeafbc7cc63776d02b6dbd796d8,2026-06-27 21:45:34.656,-19.43,71.26,0,92c8d38be268df41a49e57deca26ef17,9154.327316666666,33.23,71.49
c7cf473b9b8340b416d47f2f753df3ae,86dfda4c8fb98b21394afaa7a2e66f7d,2026-06-28 10:56:59.226,-34.04,65.17,0,1b86c2c1fdb62f5b1e537a7f381f9891,9983.126816666667,35.62,62.18
716d4dc2886a2ca79c327bcb751552f2,ec0227e3a29efd9bc543e026a99b74b9,2026-06-28 12:31:00.032,-12.27,71.62,0,a6a6ce6f991989e72c83eef05138548c,1052.3968666666667,36.52,64.95
2eefd980fb2706c0662751f3dac71f1a,38c0b15423b4aeaa7b803987ea0e09e4,2026-06-28 17:24:04.659,-26.83,66.7,0,2240f320d0456d581a2088a503ef2bb0,2704.56945,40.62,70.35
76e5ecfc06a99a8f3b973c04aeb1a686,d87794da3eeaad4ca239197e0b2af402,2026-06-28 19:49:10.961,-44.73,69.03,0,,,,
219433e94ffe7bb415a9e025f1154b11,7ca95f20215a5a28334a3f1ed2f0a3db,2026-06-28 19:57:20.842,-35.62,71.74,0,1d4f9f80f8034abcbc9ae9e94b9897b1,10130.217583333335,56.13,73.78
01a11d5d1acebcf8cbfab6737ee2b078,a229faddd36251eb32fa0f2a2fc1447d,2026-06-28 23:07:54.842,-12.65,62.63,0,1b72a7cc4a6632edd4b150ac2becd4cc,12.809916666666668,40.44,67.8
fc05db637884d10def9db11f1276aef8,53e7081c7f7590a5f8ac314b148541b3,2026-06-29 03:50:07.603,-29.99,61.54,0,0ee57d55a49098a0d7f12f096f941878,10575.594033333333,46.34,61.39
b09c6426b9b3095e260591d8c51a06ab,52216688d129372b2c346e93a3a58697,2026-06-29 06:32:38.178,-42.18,70.04,0,6093ac215c21ccd60b86b52989a9eba7,4992.0655333333325,35.54,70.18
03e1c37822aefe3b8509082a6611bb24,748b327720c5a030022ad81a9de2881c,2026-06-29 09:25:37.329,-38.8,68.42,0,7bb6c4e8a837c261c82368af1fbbc52f,6927.1929666666665,35.62,68.25
6646602f8d8374d20e66fb8910f77b92,53b27a3cd559206cd3a92eb5c88ad866,2026-06-29 12:18:29.653,-35.62,63.86,0,5503eb531ffb4b580bff6adbf9751dde,54325.435000000005,49.62,71.59
10271a4087a53233680e2f742cb6964c,8ae3b17f6ebabae50e4ca23b91cd5096,2026-06-29 15:40:00.533,-35.62,60.2,0,14f698a6ee7da7aa89c3dc200d74fc7e,14659.582866666666,20.61,65.3
214cbeed7a881eda5039941a32fd73a0,125d0e5692a1548fc0214b7af7f9d841,2026-06-29 18:01:41.233,-20.8,71.08,0,,,,
c145aeab0b9212ac4fa10bff4960d945,3cea59181201124e5f48783e86b816c0,2026-06-29 19:14:48.818,-45.62,71.75,0,d47630d05554d0ab419032c6ce9610dc,5740.890866666667,8.02,71.5
53ca725bc9c6d492124f2f00df9fecde,b022644eb300a7d10248e185f4563192,2026-06-30 08:40:22.464,-35.62,63.97,0,b4cc5d0856d1311a4523e208e4930fa7,2882.3674333333333,41.4,69.87
6998b23a4b6fcf913012ec476c9c63fb,b294d2d93ad112e848eea2c84f360e74,2026-06-30 10:58:01.830,-45.62,70.49,0,52f6ff7f6acceab21dc8dca2eb0d55ba,841.4308666666667,45.62,70.49
8a264e3341c8991d4df63649fad515c9,16d345f2bc8b7875076ed751b05f2609,2026-06-30 11:52:41.634,-35.62,71.45,0,2e92e82fd23c1138b8f058f37017bc28,14085.274516666666,25.62,68.89
acb94089a019ada8c5a3760fa3a93f71,cc46d0f58ba955ae2a30d0928ce81e8b,2026-06-30 12:35:02.178,-45.62,70.79,0,075f3f0449fa7a3bcc1215d9471f56ec,12757.085083333333,45.62,67.32
26005d5f6539e49c6293e0a517737576,55affbbf1bb544edb783de8383918754,2026-06-30 13:52:05.404,-29.81,72.8,0,50b1824d67f754b4fd0b5a96cc1512d2,9914.547116666667,26.07,69.8
7e01c2aa8c6b040301febc6df22418aa,3d7b94cbf0454116529dfb4800783aa2,2026-06-30 15:08:09.703,-27.62,71.79,0,003558602f2ef640d631278e024ed56b,2755.6896666666667,36.21,70.61
e474ba3424d195cd7ca33cd0b1b6e2ae,42419aaab85dde32e9afa7e63beb12d0,2026-06-30 15:28:02.310,-45.62,61.72,0,99e5afdfeeba5b74d6a3f5a031578627,88263.20663333334,75.3,78.1
83593a31ce32b266dccab89c6f2d9f94,f8a4f3fd2780f9f13386ffdd58307f8b,2026-06-30 17:52:34.169,-21.62,65.81,0,95b68cfcf6c93cdfc6470fb678420a0b,7316.581633333333,10.06,65.65
8217b07c4eba446a28feaa0f30d32b72,26bad7388fc9ae1578d35ee795a2c493,2026-06-30 18:16:01.108,-27.41,65.25,0,567ebce3a3f05d2e6141e05c37192645,4665.933183333333,20.62,65.25
06e184c5b76a2aeaf8017be37e2d350f,83d896f98250e94a3cb9ec9804abdeb8,2026-06-30 22:32:15.026,-18.29,67.2,0,32eeb351154cb3555db2d0dc79cbd221,9196.893600000001,45.62,67.03
8d8729a991bca9d61c1b85138c642641,e590bf5dba2fb5d43ad2e67ff561af22,2026-06-30 22:42:16.378,-25.52,70.35,0,,,,
3c25c2dcac5938ac0b5ff3b99f985251,d87d5ad71afd3ecf43fd1ac51e41f224,2026-07-01 04:44:59.113,-34.57,69.07,0,23b28fde3333e3ae5175560713741e86,8607.0402,34.64,68.9
0115bf023d92d584e6597cb4ca6c7909,d7b740e66e775ca1196bcbaf19b6ed91,2026-07-01 15:37:47.863,-45.1,65.99,0,5d2fc32810c981e56055c5f4fe424f46,2720.4693333333335,45.62,66.09
d52165921df20fa514051a9257e7ad6a,14d248bba4ce588d303b40bed36ce80e,2026-07-01 17:12:40.330,-33.43,66.85,0,4e99b45b0f1456b5a1c23c6672f530db,109394.05951666668,30.62,65.2
8ea3eed4756cb09caecef6a8fefd2dc9,a84295915ebc771919f9f3910fdbe67e,2026-07-01 23:13:57.105,-30.62,71.27,0,c757dd9521bb7b3fd7701b01b90c9bb9,8473.785133333333,38.24,69.45
e3d17b5bdc673ae692d47749cdbdf3c1,1df90cd7961dd75045af370182cdc53a,2026-07-02 00:25:05.713,-27.59,69.26,0,0a4dcf42300e4a6cecf0c993579bdeba,3146.4802833333333,33.39,64.16
761d8c428c5d22917ee332ba953b16d1,54037ea743147d57277204ecb4e5ef3a,2026-07-02 07:55:59.779,-21.15,70.32,0,53cbcacf46637a796255fbae482b8ba2,1438.119,14.6,72.32
939c70980252a6d4fadf9d60e0196fc0,9b636b1998435886d2483dd76a6755f2,2026-07-02 11:51:29.718,-35.62,69.03,0,4e8d675115767fd226116eab5ffecee1,1757.6613,28.9,69.03
c1aa42910dd4383f23cf44bb59e87d49,9739190e8d9abc598d5d8f85932ca858,2026-07-02 12:06:48.323,-37.62,62.88,0,e30dff9c36350703a4eb99cfed0a4869,962.9001000000001,21.62,63.44
420e1031e5ed40f7da16e82b6977e753,db56a0ad78fb10bef34387d44d687b3e,2026-07-02 12:09:48.824,-41.56,67.8,0,7dadb79c2baa37737643724cdfddb6a9,58831.68641666667,17.5,67.29
b052e5bcc17a20ddb17ac518834dc6b6,e0b1e1c9e50a0cde191cda197c99892d,2026-07-02 14:27:43.665,-40.62,60.69,0,967a6d8c276ccd8ae595d982d83e0424,15850.355466666666,30.62,66.27
a812a9fe42e1ba4130f471a695a88d2d,4770ddb0bde72121b641f0d1e66c1a9d,2026-07-02 14:53:55.860,-45.62,69.45,0,06209f05af2c1b8eb5917f67fc03e024,5365.903733333334,27.51,71.45
f3c3508e63b30d694d005a8fed99a9dd,86b082b49a893552305a9f10a1430243,2026-07-02 16:21:38.904,-35.62,63.07,0,d0906e3044d6becdf4eb2527a0da924d,966.20325,16.28,62.47
2a726adc02a75a328ba6ae9ab605e3f1,834210ea787b51cadf16dbb0bcf094d1,2026-07-02 17:43:07.654,-41.22,64.04,0,1b724d128924c105357bc4c517e735a9,465.30775,55.62,63.2
8553c3f4639b6d53190c1d8ae005ec4f,c3560e376d22af46743dc392bf3a40eb,2026-07-02 18:39:48.122,-21.0,65.01,0,cd0c23b8a89bab3f2ca6fa8ea638a1ac,1652.3990666666666,28.23,65.55
12debe24e664d3bfc0e7bc6123350cfc,eccd1747145fd8e7b357e416543354be,2026-07-02 20:16:07.420,-35.62,63.09,0,c6a8efb4ab70137df29055da36f8ac73,30290.826599999997,51.55,70.83
b3a40c0b16a68d9c130fa598f1794690,033cbe715440a7fd73f15c8e48396b82,2026-07-02 21:32:34.277,-35.62,70.79,0,976690fd615c9e5dbc251f3954475138,23152.720783333334,25.62,70.48
525cd35fd14721593c52799592ac21fa,57261d24094dccb7352f0c159a7a64a9,2026-07-03 02:12:22.776,-22.35,71.78,0,bd634d5a16804281ba2042dd0672301b,19129.660549999997,42.53,71.45
ae3500a3d36061b4601aaae2ebf83abb,a0918080916bb189c313bc863c95d62d,2026-07-03 05:08:13.099,-15.62,69.83,0,ddef70270f3816f537a33048849136cb,15314.392966666666,25.62,63.49
91d6ae6dab4761a1fb848c20f2a40b1c,7aab19b0cda69315c337905e2c71df5e,2026-07-03 06:56:05.848,-42.34,68.08,0,93b59f9d8a83924855ec34b5c40c3d11,1187.5436833333333,8.62,63.79
911646024eba5dcbee6258e1208ce654,e36e128dbd53ae1a5a3cea4a06a4f230,2026-07-03 09:07:29.242,-34.56,63.69,0,2a0f018ea588b6b8c2cf5d30b7c2e325,3899.8293333333336,35.48,63.29
421db3fef8b2b701850fd24312171d09,165b46a5c63910e47a96c96e8d8da064,2026-07-03 12:17:24.034,-27.04,67.36,0,e9efe73550f99d1f4f5cdb1a2a4b8e75,17214.335516666666,40.35,67.05
6b7dfc619028bf222e412284843040c3,81a9664fe061cc528d779aa82d396a01,2026-07-03 13:14:11.546,-50.62,69.75,0,e46374bc2fb1f02494740d1d9551dbe9,1126.0509,40.62,69.75
88e0e32327c8cd2f1b4d7687bfead215,95e26ecbc8748f510b4885c91cf4465c,2026-07-03 13:47:54.776,-14.84,71.75,0,911d90369167695de99cc26172c7b7d7,4328.021166666666,9.8,76.9
f93452564f3bf22442b18c3ed2cf9451,95ce6d6b54e614f49f0a1829cdecf659,2026-07-03 22:43:54.880,-35.62,67.35,0,5e7a1dda00a11d52c9f137d92c3a066f,202.07538333333332,35.62,67.35
d96ef280405ec8c2570b7c5de66c34cc,277831c39d7dd2713aa90b1f2f2d9795,2026-07-03 23:39:22.927,-30.66,69.71,0,3ac90d46cc61fafc479b5a48e28644bb,9148.92335,45.62,76.96
049b2c78011034fdb01c84b7c45900f0,2044b92ef854dfbe0a06aa548e09c26f,2026-07-03 23:51:00.081,-35.17,65.21,0,b40e1660b8728d4cec7174991cf01b8b,1712.35,17.58,71.14
d504080cea92c0739f728abef5a82813,66199fcf47c003b11692ccf96519efcf,2026-07-04 04:56:13.291,-35.62,65.09,0,8cad0e3ff3977293814a88ae33354eaf,10180.60445,37.62,64.95
5e8e5797889c00e0021c5d7b884c0f31,54f8dbba3fefdd251b68a782f92193c4,2026-07-04 12:27:52.928,-35.62,64.26,0,7d0263af3963fbe231d444bfbca07f78,11501.205716666667,35.37,64.47
ca3e7ef4a38378b0c456d070bf7a1b68,07df10ac36d706560028f1cc7fb5c262,2026-07-04 12:52:03.998,-35.62,71.72,0,e08b4b5fea5952fc758a9c5692f9bbc2,5410.190799999999,25.62,71.56
4b7729d0b1c1be342c82d29150e23e27,739efff079e655af1322cad50ec4b6c9,2026-07-04 14:44:26.641,-22.15,69.23,0,b46ab4c6c01b75200cb293731bc080f4,32.338116666666664,35.6,71.23
ca505b843bbd48c3de96807f12ad96e8,ea62c75f45de8ad2994e983f0597f6ee,2026-07-04 16:31:04.851,-18.6,69.95,0,48155fd63f9d5cdbbd672351f0f00af3,7846.004633333333,22.24,69.2
d8a3ffa5190e47543477448655631be5,8bac3e70bb4323690f3845b369385ed2,2026-07-04 19:39:49.506,-35.62,63.58,0,c267da4ebc0e63c9b6433b9ebfd7ffe0,10028.83635,32.06,68.07
0d9e1a50c40196297d33c94b2bb1de54,573f8b8473447b50955dcd5382fc4a57,2026-07-05 03:30:53.064,-31.63,72.22,0,,,,
c151f5aa78997cbbe5f9f9f304fa25cd,5dc44e52406bc563a3153753a5d45735,2026-07-05 08:46:01.744,-31.35,66.13,0,b014995ed216b18d8931fa4ac41c8c16,68.76918333333333,35.62,66.18
a2e93f928cca886bdb2f1c481010ff22,b9970f02dd760c3364f46b865369985e,2026-07-05 11:29:44.422,-30.62,64.45,0,4c7c247469cc58421e3afd00c2124d61,19768.841566666666,25.62,63.63
d5d1273426c3c2697ef695731cd03731,de1f1a98a4d9fcbd28ab832b21c04596,2026-07-05 12:53:47.792,-35.62,71.49,0,,,,
f8526acae790d29860397ff8285126f6,6e4bef2113bb1444043977c3f13db263,2026-07-05 13:43:15.015,-35.62,67.86,0,0cecaa885b6f81406e38d24790cb44f9,322.66006666666664,15.62,67.71
03c0ca74e900cc4d7f1260198ef4a08f,5eaac31554478af9d35939ce76decc30,2026-07-05 13:58:07.342,-19.83,70.26,0,9a32270df5195adabcac49154b0a946b,22592.29766666667,23.25,70.26
a726701479716ecb6b8ac86f6962b9ca,64e19b17d73420e630646e97ff49f0d2,2026-07-05 13:59:34.677,-35.62,66.63,0,c4ce27744c87f79afde3186b05b1488b,2422.6716666666666,35.62,68.13
be2040dd6fe9a42c370f1f0e443237bf,f34251500a3f8c0c070bac92744382d9,2026-07-05 15:09:15.635,-33.77,35.5,0,635c17839af08998c5f4e4a95705450d,5950.182199999999,47.53,36.49
1fde946c335832f2427ecd51e00e2d55,bf6bdb69b5d6e96855503e9f618be70e,2026-07-05 16:01:13.109,-35.62,70.27,0,ef28c068cc3333897cd42d4707732dbc,16215.850533333334,39.4,70.09
576e685b86cf900538bc7086f13352a7,d7ce530292fd65e201f29e1288296680,2026-07-05 18:24:26.066,-35.62,70.83,0,e31c4520e23ed548d8c74901fe5bbeab,15911.993216666666,45.62,69.39
62d5698aab30015a4675a921605c5622,a82afde67a9fda1b44be5c4e494a4d40,2026-07-06 11:00:57.703,-20.25,71.41,0,06e3119fac8313320d0bbf3ba41c38fd,5157.179099999999,9.49,71.28
33fdf3bd9c2adea68b078156549a6cdd,b4c6df44eb5ed63a3a391a3a64cfa2cd,2026-07-06 13:19:57.984,-35.62,63.33,0,49db7601e0237d12a5d34b14830b78ab,1236.1866666666667,35.62,70.02
807653d0100ff48642859e4a8c3837c0,eb58bd1ec0cdf14cb8df6c21304ca038,2026-07-06 14:19:07.597,-35.62,66.8,0,d8bf008200accd2a2e147fc712b16b79,5672.5893166666665,33.95,66.65
30765d51e1de83f2d7b031738c6d2a0f,c922858141297006533375804f6dc566,2026-07-06 19:38:16.184,-30.62,70.68,0,a4075a389f82ad2f790ffcb37c4e9a0c,10369.153333333332,35.62,70.98
8ca92d7636b72d245df3335573f75aa4,edbe5be1ce673441add5ca84aceba353,2026-07-06 23:28:48.521,-28.74,65.19,0,9695a9734670c0a8a4c9450417997f78,35378.9865,15.62,63.84
0a675f2a1d1b813eeaf24a931a2e827b,1060b025b216a10f794938b37b402698,2026-07-07 01:21:26.370,-35.62,70.87,2,f70ba2dd519dae15143a988cf93407ac,3.5129333333333337,35.62,70.87
6c385ac4905c569db298ff3f4aceedd9,069da8b0298c36182ed084270f06eecb,2026-07-07 01:27:00.771,-35.62,69.29,0,2e6c5f7b7f3be42f8fb929d228f007af,1362.7178999999999,25.62,69.29
5b1fa31dc2dad5f9894692c2601fd98a,ac6008148fca41b97b31ecc28af844f2,2026-07-07 02:20:52.682,-34.62,67.35,0,541282346af4a681c1cb32fe680dcb9e,1458.4442833333335,24.62,67.3
706cbacda6ad458ee2fd8f99cbb4f3cd,91368b7e4adfd5d191d6b5a066c5d828,2026-07-07 03:04:00.695,-32.2,69.6,0,11d8c4db79e886e1172372d05ab51705,14690.324400000001,27.27,69.45
84b252ba537dfd23690ba824fbb3f2bb,91ea1896ec541fae70a7f7a7637061b6,2026-07-07 07:05:37.818,-35.62,67.13,0,ef210e082468e1470fb73bef51101bdc,8523.80835,40.62,66.99
8c04c6e208147c0a9e83be7debbb0b58,e8e54a4b7391243c6ec3ed92b0b4a723,2026-07-07 07:48:44.232,-35.62,64.73,0,42272221660a8b1beec49f1c06447136,7902.12135,45.62,64.21
f838d882aa02201fe8751dbacf27e8cb,bc4153d633682351f2063fd916779f01,2026-07-07 12:04:26.667,-35.62,67.35,0,3f6cbddb351496fcf70e686d34f12130,11544.493400000001,25.03,67.65
b3dc213cd684b14d93171e45630c1f99,cf7a4695d471d4511d223e9997001f46,2026-07-07 15:43:53.600,-35.62,69.1,0,fb4a4e2e82bc8a31eab650431a404c8e,8360.638,38.93,68.94
d8a484043697bcf85d1a3d7f67c60b7c,33bdc5aa2b46963c756f3492c9c39679,2026-07-07 17:34:19.418,-35.62,66.63,0,7a958aa18eb82862f037faa5261c58e6,4355.9252166666665,35.62,60.77
ecc58c48942bd6b5a5442d1f4ec5ce5e,f4356bfb2b029ae9d208bae0fa8e5944,2026-07-08 04:22:30.750,-35.62,69.41,0,e054dd1b93e25b6a8415ef5a96c48dac,4331.733383333333,11.64,69.41
150909ab88009cf5968de3468351da6e,7ae94822870f3c61f3086417068e2bc0,2026-07-08 08:29:35.687,-35.62,67.35,0,e7e86c17879ddc38f161c6702f78bb96,5790.689283333334,35.61,67.55
efbc6d087f9136ea1b1da27da251265f,993a924f850371edf10be5a5660a98f3,2026-07-08 10:00:08.546,-35.62,67.26,0,d0a99662d4289d3ecd1109139e796a78,21.751916666666666,35.62,61.16
184294a70434d8fff5bdc5902a60a099,07c515549823993d75d49925ae7fb191,2026-07-08 12:52:48.459,-35.4,70.51,0,9f90495cc591dc3cd34406100afb36e3,63592.61293333334,19.88,70.09
28a8405f7dc16d484ebdcf2c615a1753,bc63acbe69f4581537726355971a89c6,2026-07-08 18:43:25.103,-25.96,66.8,0,196ac1954d734ae234cf0bbd9e93b8a0,5708.376966666667,20.62,67.17
e9148ea126a58de413918818d138eede,d5d689addc6690a12f8be51c21e1b5ff,2026-07-09 05:21:42.934,-35.62,68.36,0,2c868bfeef5d964ac61b86207e175f7a,3634.35335,25.62,66.86
3e40d68917f4771a76d58e2766a28611,4e5d6e0de18dfa28ffa5b4b9687ed7d7,2026-07-09 05:22:48.445,-35.62,60.67,0,909a1347362a18b492a09baa99d419f2,10736.906599999998,40.31,60.54
414e8b8eadd785428a331cba8d672c8e,db248d56aee2efc836597ddca27a5ff5,2026-07-09 06:53:59.450,-28.02,70.77,0,eda9e3b9b356c11555b57e0540f4fa0a,13663.081983333333,26.86,70.61
7a346841b7eb32cd4923a2a048c6ae4c,f0d9229fe91273ee2361076232791554,2026-07-09 07:05:32.397,-32.89,62.05,0,358569b6a4f61e0915193d206a40f278,2896.7173166666666,35.62,67.86
f29d09402fc219c24d0d503c0efdb748,c5e38625207129513aa1eb1e27468e78,2026-07-09 08:07:28.569,-15.62,70.48,0,a1dacfa36ae78350c5584ae6dc2d16ca,77122.52050000001,20.48,69.76
625486ca43a7c1b84acb061ee44a6750,4c9e2f54f6af183cb26506fa11c4db50,2026-07-09 13:45:57.653,-22.25,66.13,0,31e4a6b6ced30b5858640618bf2ecb35,4548.427549999999,20.62,66.63
591d738609e5ff3992409bee9060baf5,013cc48bfe0091170b148de81a987918,2026-07-09 14:12:11.106,-32.57,70.24,0,1c66c5c4d930817c7be4bfc5ca45a8cd,7641.324600000001,35.62,64.31
37e64662a23adfa9cb8da15033a294e5,0897bcfea3bfad004011c0754154f63c,2026-07-09 17:29:31.403,-35.62,69.59,0,078583e20b7f96b26dc5d8b0be839766,17601.763649999997,35.62,62.99
01de0c7da75d1e73f297b057178869d6,6686da63466bd9210582259bcd9b9bd0,2026-07-09 23:22:18.602,-15.76,71.72,0,e749c9e4816f5f9a37065415874998a3,3337.9246166666667,15.15,71.72
efafd8a6791644372be1ecb5d2277af6,b154a0e9af2f00c269ad60314e9f1e58,2026-07-10 07:28:11.530,-23.67,65.4,0,daf79b13a3bfbdc56f89dbf3001ced13,1462.3378833333334,35.46,65.33
902bb356d205de8c16ad8d4351898a5f,4d30c629c015a8f8a972ea720d399e3f,2026-07-10 10:56:17.242,-23.69,67.56,0,5b2cf0b87883ecfd3f32c594be5c3a8f,983.2487,35.61,70.08
c3f42b20b61be7ecc886cbc91ce60b27,e4d6f7d2f7bd259086a94429db942e6c,2026-07-10 18:10:11.145,-18.65,66.41,0,e08d7512a11162081085bd3dce169288,1454.0990666666667,19.67,61.42
ca3b3527792bd844cdcb968dd2a3c627,b75b8f1bb542040ff7c05b9d71fa2c43,2026-07-10 19:38:18.922,-35.62,68.29,0,4f0b25ccc0040903de2d889b073a1b26,675.3994333333334,35.62,68.15
cd7ebc69f9f3b4f369c549599bacd61c,0a582baee7d410a7b349182fae872c22,2026-07-10 22:26:02.191,-35.62,64.68,0,6cccd25bb4e895707e3ed55f1bdb67e4,18045.159516666667,37.37,64.69
41ac9b7fa055a3d698eaa681a0386ec7,47d64b0bf4f371159ed1ce53caf21237,2026-07-10 23:50:56.823,-35.62,68.33,0,ff5c05844e5462b1a6d557ead9264e53,5562.521883333334,20.85,65.63
729651985cb7aee3c95763657322c3c0,76a2a2e26bacb54be1680327bbc5da60,2026-07-11 00:23:16.148,-31.73,72.72,0,,,,
d092786e33f1455ea51a613512290d53,1f6d1ff9c03f2095bebd86bd1ab90284,2026-07-11 02:30:19.476,-35.62,71.16,0,50a660afee202fdb7df383d3a48a3f50,1884.6730333333333,35.62,71.63
0f4642f58d221f39791a912dd9cd2135,447a5d24af9e95dd34465c7c914fe269,2026-07-11 08:52:21.735,-25.19,70.81,0,b0c507b8a2246249cc73199735686d15,16716.242416666668,35.62,70.11
59a18163cc95c2d8622d03e570e8ae86,ae44b32bbf9d99a70fd0f1da550c35ce,2026-07-11 10:02:47.795,-12.91,68.21,0,1c15f893642044bda803a70be9f38922,2.62035,27.62,66.21
f52f5e7d1cf065f2087c7fae4ccf2f17,36f78e93bd9b6e2c27bd4f34f0bd0b5a,2026-07-11 10:55:42.161,-35.62,67.07,0,29b1e84b688a333e5f67ce10376fcabb,11229.547966666667,35.62,66.86
df5cd7c31f22026690504abb7f14ebaa,193e491b4348441b83f85dc920418db4,2026-07-11 11:47:43.402,-19.7,70.83,0,56c13c49636c78b27efc181a19ecc9f1,673.1178,20.8,70.83
a922f5f713734a0fba4d58412f98de45,47591aa35e774422d16a70a860a7d6c7,2026-07-11 14:15:17.075,-35.62,65.35,0,bfc9bd0d1ea38a8f70bdc92c2ecd6e52,25262.873983333335,44.51,64.28
85f284c4adfdabd7cc653bb503115061,f70901191a545fb8a182d5807a045c23,2026-07-11 14:25:33.164,-21.25,63.95,0,5c0a3a1f95b77a8bee0909afbedebd2e,8716.824666666666,20.41,64.21
b1429d550ab4ff242407efcdb0132080,2c9817873ee9344b0d449227b9816d98,2026-07-11 16:52:50.891,-35.62,69.63,0,4f00ec34d8c58f74c87e5ced666f4581,4328.978633333333,25.62,69.41
53bdd7487005f500bed80863e04ba5f7,26f4206869cf733c2130e36316ef205b,2026-07-12 03:04:10.077,-35.62,71.82,0,2108f3b3380dbccc67c2fcec92e8d18d,16276.187533333334,31.74,99.95
9ac10e125a9abea3ed12db61a032c862,735c2eff481ca74c7e34be1e34c404df,2026-07-12 04:47:28.046,-35.62,67.68,0,59dfcaf9dd04ce338662286dc33b8ced,4047.7167,33.66,69.13
13b3c9509b3844fdad67889ed4564ebf,58e51a8f742cfad0ced39874809e6cf2,2026-07-12 05:22:25.590,-35.62,63.88,0,94c3c9d13c359b673b18994572ce3668,1219.6384333333333,35.62,67.98
e1c1dae54f3c23fd6f843a946cf313d9,cb4cc6f0689177a5a21220647d958621,2026-07-12 09:58:00.177,-35.47,68.66,0,c0d3085030e570c6a1b7ac4b5886cd5d,25450.332316666667,35.09,67.85
d3c7e2c777ab222a0d934be1cf2f1ecb,34487651cafc47155fa7b63fefed7236,2026-07-12 11:24:47.538,-35.62,68.88,0,bb63f08a4abc3801dc3c188fdac3351f,5417.923250000001,35.62,68.67
9c938c0a2be6462958e46f624da6ef6c,0d7006dd6af3d2901cff7e79bd1dee37,2026-07-12 11:52:01.559,-29.36,71.58,0,33a07ab1de965cda09e51ca89ec83d24,11713.379633333334,32.85,71.48
327a477213465741a9114f195812c335,8e55b1ea7b89756bd37f51e8112a177f,2026-07-12 13:25:24.525,-35.62,70.53,0,9e885a0be7e81bc341f6f17cd45ca55a,11406.456766666666,35.62,70.12
ddbff91d771c493c93fca48bf264d21a,9009b8c4e348d3e9de6c1456dfcc28fc,2026-07-12 14:16:45.075,-27.19,70.56,0,,,,
dc2c7f222f30e6ac7557294b93355b06,a048af93135ac1afac4d678da0ec2ce5,2026-07-12 14:21:12.306,-35.62,66.34,0,b0e2e497edaa17c4f5142f3e90cb584b,8368.268116666666,35.62,66.13
b4f3896be9f264d1aec4d675e6e4e769,25d0a8a20db55edbe1ad726d5c663589,2026-07-12 16:15:42.966,-35.62,70.8,0,14383992742e560eb79e19d1acba8142,14111.601616666665,15.62,71.8
30a00fa8f09ff7f345a398b0630c4f3f,6c920f4bb4e6e6281338d487f3eab409,2026-07-12 18:10:35.735,-35.62,70.72,0,0651b4ce17f14fd45f84bc25aaadb9dc,8689.67075,35.51,70.87
4a9cc21b39651c0a24868ae4817e9da0,37d564a21ddeffaf141f5b21b955fec3,2026-07-12 18:17:48.467,-35.62,72.72,0,1018a1993efad6d7e1a0e409d26830f5,3252.2712333333334,30.41,121.0
b19be2d2221d0b06caa636064c7a972b,4bcc3c71e56af878bdbc7094a3ff2b5c,2026-07-13 07:12:04.301,-35.62,71.7,0,87ff688106354685f1893593bcec3467,8638.111883333333,35.62,71.48
80cebe67097456df781ea6ec81f7f3e4,ec6bc9e5f9071edb9f4cb1ced42b05c2,2026-07-13 17:48:44.384,-55.65,36.0,0,9bfe3b14965dd9fb094d588a4f7a0d08,4361.044316666667,53.42,36.0
5dfc722471712c3f1018af6a43ac2b8d,5272af64325b7cba52e16e736d544193,2026-07-13 18:57:37.402,-35.62,70.3,0,93112aedf3d2f030ff38e342493e0147,11206.664333333332,35.62,70.2
365af8b744faba9c41171103724ad476,898c1a9532da69c1f08aa02db3f10e36,2026-07-13 21:20:45.402,-35.6,72.6,0,fe76dbc9e026a6f415477b230211da90,62148.20535,52.03,69.25
e1a15041df57d8c37000e2467afe49f5,33a1e25952c6160a87bcdfb36506181b,2026-07-14 11:36:21.243,-21.33,70.09,0,eb4944600bed0e0e309ffb39b2b872f6,72.79743333333333,35.62,69.69
6aafc26c5276ab297835208bf6ee42a3,46f20671532f606c13f3501b12a55aa5,2026-07-14 17:53:05.638,-33.96,70.72,0,c85f505b8b5113ec1d74d0f2a9b2ac89,19760.797199999997,39.62,63.91
eba57ae8284184eab497d55064fb43d4,ca4e53ba4e10b60e7d66d35af2c602d3,2026-07-14 21:03:12.295,-33.02,72.98,0,6af0e5098860abf198f7f972189b5861,22953.06191666667,20.79,72.6
8ee122d4c4eef2c78c007c641786902e,ef05e398cc5a3ccb51185473549ea4c7,2026-07-14 21:56:23.522,-35.13,64.38,0,fb5a0cf8e3d347ec89acf53422ec745e,7122.2991833333335,35.3,64.01
c67fee3e1147c6ac158b38fac5c6ead7,670d2cd4c1a0f3363f3b95bf822ecc90,2026-07-14 22:15:10.758,-35.61,70.41,0,83281962e54dfd5003bbaaa75ce98727,31240.106099999997,21.02,89.89
57f0c67ae34c0e131335a4c94b31d527,55875144215587d76602ae8295ca10dd,2026-07-14 23:54:47.815,-35.5,71.94,0,968d21e8261ab7bf6d2ca9823bd768fc,7314.355433333333,35.62,73.72
1e78b12e143d2bd247f130c0aa14724f,a9e0b560bbd07e5df37014c1f178c922,2026-07-15 02:02:35.269,-30.62,65.32,0,f9b2b8c9df53065d85948f77701de536,4405.529983333333,30.62,68.57
77dfa9e807e010ce3ffc70ecb5ecc820,5d2078f044be9a8f413928aec6f630ff,2026-07-15 02:19:31.702,-35.56,63.28,0,c62dc07db5f2f6c9c1cfcd96940b94c4,45989.245650000004,33.91,66.8
2deb44379851145f0fa0bec8dd283175,d9f2937947edeb1d957221c9732e1987,2026-07-15 12:21:14.493,-35.62,67.56,0,a49a1c0c3122d1012185a922ced2b592,8572.958633333334,14.63,66.63
9d09cd3208697f86c390b6671c94c4d4,062afd7287fbfad38cc08ce048f95a67,2026-07-15 13:34:56.642,-20.93,70.6,0,c470c4b7e98eead3f09db945b0eaa562,4591.438966666667,32.19,67.35
b3c24076b344da8dfa6a337d4cc997c0,ad8f639a6663b431a0dfa156896e1b9c,2026-07-15 14:28:53.922,-35.62,72.41,0,e1d2c4708e9ca842018bbbd96eaacb4e,7619.487033333334,35.62,72.41
b611b5b587b77b6a8af4f6bf4ad6a96b,292e44abbbe6b165771878d9658fa022,2026-07-16 05:03:03.414,-35.62,67.07,0,e074e1e8c98328490c3fc566104672d2,4531.044966666666,35.62,67.07
9e61ab002bd742e09abb845043aa8527,7f48afeeb4dfa0b2cce4c2f9ff39f5c8,2026-07-16 05:47:48.042,-20.96,69.63,0,fcc19f519183bd51933fbbdc411d20a2,41380.88718333333,37.76,63.19
0b928fd821a0ba1e707771c26b20cb8c,f11d726427ee4360f8091011225c895b,2026-07-16 06:57:13.290,-26.18,65.23,0,63063d80fa73551d516aef3b3f031fdd,2879.90965,31.24,65.23
449e339dd4365575feb90baa6e8752b3,5f951dd0588e904c8997a987e610f0bd,2026-07-16 08:23:07.208,-30.62,67.38,0,27a976a30bd897117e8803cc2b5a70f5,50396.234300000004,55.62,68.9
2a1b74ba1db6d978382a15f1a89ac0ab,06d83f121b961e24a9263bf69d54e598,2026-07-16 09:57:56.199,-30.74,34.9,0,fe8256276b253961bcccf8d64e73eb32,1958.4066833333334,48.74,32.5
5b616a3ab168f476d4c88df743b7f38b,e8850359eb10b5987b79eb1d39421378,2026-07-16 10:22:24.792,-15.62,65.51,0,5091a70a7a508cc278bb8cb657b7194f,5986.840983333333,35.62,65.23
6491e3735bb8d22904d2b72973a396f1,9bf6d48bc910a92bb1051acf3e60d06b,2026-07-16 13:17:34.043,-35.62,71.4,0,b960755fd77ea9d689e094a870c319d4,19899.45206666667,17.18,64.4
e867c4433abb1158dd6ec13184ef26c6,d752b91ed72a4f25622ff4b02a74472c,2026-07-16 13:56:22.828,-35.62,69.31,0,0e8e2bbc18e250f1671e5204b5708955,7187.3730000000005,15.62,65.17
77a0a28528bdf78edf6de47e4c8a15c0,a76cfbc9621e198aa5cb1d5716f316b3,2026-07-16 14:48:40.485,-35.62,71.37,0,3bb5f195bb96c281b2a45e062a578e1e,2579.7803166666663,35.62,69.37
1a8c1ce2dbcdf72cfc9d58cedf0e2b75,0a6ad994219147fa6a197b595ba0c552,2026-07-16 17:14:48.449,-35.62,66.94,0,64f25f30943df2c2c64489814676e32c,7816.433183333333,23.2,68.66
cf383e2e08750403809b7cf86a316629,d39830bf00201b36ef4be42c431b738e,2026-07-16 17:25:46.156,-25.62,69.82,0,311a5649ea412d580bb5de00f089cada,3048.63575,35.62,69.82
6ca43c1f288696ad235eafb1e88244d4,39f60544a2aa69ab5ad4057779f6a8d4,2026-07-17 02:57:54.259,-23.03,67.48,0,80ef86c33fdaa808cf5082a1ce845707,66242.46475,35.92,66.0
f2fc8cec1bfe5ffbc0ccf77e6c67909f,64ba6878509beca64f2b9b6858759b4a,2026-07-17 03:25:35.546,-25.62,70.7,0,6a24d17beb081fb4d9c8571010ca5703,6421.137816666666,29.3,70.3
275176d95ae09fe7aa805ca511d03763,cabe2530d98d38a355273f04f404ecb1,2026-07-17 06:51:29.545,-24.62,65.63,0,c57c156a767facf4c61273bf8a5ce5e4,1462.219,35.62,65.53
8b66e92649e6c1bee6146d05208c953c,74fe3459a64040af6e80eb41c9dad7d1,2026-07-17 11:33:27.418,-33.06,64.91,0,300283eb97a7949c5682f974c05d6357,10005.249899999999,38.95,90.0
76068dcd29c1f3a8b71d0ec40e55b146,c0d63208b4786ac22f2e92b3d0426cde,2026-07-17 15:11:47.560,-10.52,65.5,0,b523b3cd7a2cc8d4324ca503b243da45,1658.9147,35.61,66.51
b9db3c907109b82e80dd11d81f2821a4,a622f5a674a9057b5d4c279186864b91,2026-07-17 15:46:20.266,-12.62,72.4,0,7b0ce62429149b222b7342d6e30b21d4,9846.1564,9.62,69.69
ba493103620ffaac87300246136f9a60,d0ef93d3811e22c71c3f69cd5082001f,2026-07-17 16:56:21.986,-35.31,67.17,0,346d16d3f7379d8d2757435495cf5296,8751.540916666667,32.81,67.07
ce16f01ea62941515d9b2344e6f875c3,ee07f98b7571265ab58934f002f3b7b2,2026-07-17 18:39:16.390,-29.44,68.54,0,,,,
5846adf87164ee76f7d7e1a96d808982,0325e098790b35d9f550c8ac49c69cea,2026-07-17 19:45:50.056,-35.62,71.79,0,d126ae153e47e3cb2e693c216986b960,3939.955466666667,18.26,71.43
f3a27577e95a9ef9c6586f29be08960d,22b9d57186ff252f5afb6863574a2630,2026-07-17 22:37:36.115,-24.76,64.96,0,9ee6c67b3a54fd11f264a4e183cff41b,4160.870633333334,35.62,69.69
31c12eea2d17d849807424812d402666,347241f5f066d18c942b05c0d36eebcb,2026-07-18 05:21:31.823,-29.95,68.25,0,941b72b48169ab701609768307c19649,2883.815283333333,29.25,68.15
fd0073efbec50e19ba478fea0a035028,641a44fd3d9bd40505b1441fe9f76b53,2026-07-18 15:45:54.704,-18.49,65.49,0,1434827a08fd47a4cdc56adb4bb34b36,10492.923,35.62,63.89
a1b9c7020add149cf5b564bfc1da27ac,f19593ab7069adc8611768106131a03b,2026-07-18 19:10:20.738,-17.71,70.63,0,ec9deb6999a31243a52b9d98187a2119,12707.617883333332,21.0,70.92
e636c979ceb9ad92782eef1e8feed92d,8ce8297a9bfe391eeb9cfc076d6a5e0f,2026-07-19 01:23:53.746,-14.83,64.99,0,d1644168d0a9c006886987d09ba406af,11567.9559,24.05,64.99
d1157ab9dc12ccceb005a51ac74e897d,6518de20179e19070d788f9f93048121,2026-07-19 02:07:09.377,-35.62,72.22,0,babcf56096deb95e0c6156107aab7c4c,3341.2871499999997,35.62,72.79
8380b5a5ab1457e2b0bdc1c2c4402b3e,6f8e668dffbb39be8ef362b1bb2d0df3,2026-07-19 03:30:43.683,-30.62,63.38,0,7af3999dd414c70c9f9c2dba4c534182,30009.342783333334,25.62,67.07
642748e57470227c70fe7edfd9b60949,376020b467cae103784615b8606e8d22,2026-07-19 03:34:03.110,-35.15,60.95,0,7e995d5878607d61f5af5394d8153cd4,7150.027116666666,35.19,60.86
053d17d0703d6a9e5f0cc3db8f53c3ca,09907ca38eca513db28b4518ac86103a,2026-07-19 07:10:32.545,-25.82,64.22,0,7fdf30fe8efcdd265d2a65df23a21450,9996.4815,15.62,64.13
68cbcf36bf12b6b6db2045e3ea9ad510,450d6bc8170b15d36dcaf03f0d9db7de,2026-07-19 09:55:51.674,-35.62,66.31,0,c528e8e2edf9875eb75860257f52055f,16729.147283333336,35.62,66.8
07847706edb359e94ba4c3741cd86209,a487e660c0b832be4c3133d8dcea62f9,2026-07-19 12:34:39.722,-35.62,71.53,0,e37b65e17fd58ccebb8f7ea80e31fa75,37231.315383333334,15.62,63.81
3c33de2a44381ef93c653cf83645f6c8,9cda84de7ccbe17f9fdc00e5384d77d1,2026-07-19 15:27:05.970,-25.98,68.75,0,d7b613332e7dc338cd740cbd2598aef5,11721.142450000001,19.84,70.29
a49be342c206d36d0a527cfd0aa2ef83,06735c3ef9331446e70f35faaf650b8f,2026-07-19 18:09:05.559,-35.61,67.05,0,0e61a32803b484a04af0fb5f9364cdd6,36045.15355,65.36,66.95
4153da18f025732fd847db914f54cc46,66630df641f2ce3d5aa5d4153befc360,2026-07-20 07:14:53.273,-35.62,71.73,0,5a760885c0eb0b111ad364fef92cb49e,4296.98995,35.62,71.73
9d66b6e6ea2b0d346e5c5734380245a7,525693583c260ea4e67083d56b47a46a,2026-07-20 07:33:56.378,-35.62,68.39,0,da09d3655c8c9998736ce420c510a9b6,36928.22743333333,34.51,79.61
6e037e0922d9d807052c5f163f719951,d09f606ae3c1c24cd4133efe6bd28f6f,2026-07-20 12:01:44.342,-18.91,69.24,0,0a99b3285429bc2bc62f4e90ac2a7469,2355.0890833333333,32.22,72.29
4a9c8c94e1ffdadb46fc4e07f60fde29,e16800c7616d048b1ad08b1a5ff1c599,2026-07-20 12:52:44.812,-33.49,68.99,0,9b380b6d8eb9564aeac80e15cd26e77d,33318.6348,35.62,68.99
66114564fa867d9e85f14a3f12852346,d45989e695617bb53c77f10ed0564c01,2026-07-21 05:05:08.900,-35.6,66.93,0,f74e34e8c70c0262caad2dcf93a21bc9,16346.465033333334,35.61,60.67
665ee99a72ee2efb803892109d5bffc0,338b093f438772831f6cc4ed749a1111,2026-07-21 05:21:43.464,-21.36,69.86,0,53e506cf6f3df495834c1dbc8f15163a,6300.6775333333335,49.98,78.88
c29149e8001d04a79a123691a0705619,2b287a525c37a578b86884a172f4b266,2026-07-21 06:55:31.910,-16.59,70.03,0,db4f4fdefbfa73321f14325c99ef61f5,10081.6648,21.11,69.93
95b2fd4c1a805164f637d63acb5a6d02,09c2ebfdddc37fbfc7b1594c962ea117,2026-07-21 14:52:10.232,-35.61,71.92,0,eb5f62e65afa75eadfd5e7aa3e31abd4,3887.7068999999997,31.89,69.73
23883f83ee82a1c17eb7ebec447ea346,5b3f1fbb2b3b3d6489cb8dc692e05f29,2026-07-21 15:59:42.942,-35.62,61.71,0,67fa0869f82914b08b59a5558efae564,1455.4564833333332,28.81,61.71
88a4f30184868d8b048de315d0fe5946,2c3f9ac91a9247b7ddb338452bb402bc,2026-07-21 17:24:40.792,-35.62,64.59,0,7eb7017759161ea2f64ec5087d161e56,11222.592316666667,25.62,62.96
cf7dd4b286c3b5eeb79ce17cbb9f2fb4,0d86d830318e0dae30c765b3149d9768,2026-07-21 20:32:46.502,-30.62,71.9,0,d56cd4ac31bc86c404551417c66125bf,13397.12855,30.62,71.8
171c30e831ab0894ffd1f5f3811bb44b,b07c2667654cd96e5d442efe500f5ded,2026-07-21 21:03:48.849,-35.62,65.75,0,c9a7b9d9edf3c78304cf34dba442db85,7486.0850666666665,35.62,74.07
5ffaada86307d77b4ec5d9803c62250b,b4f69fbef4321aee45e3b4feae2c7a7c,2026-07-21 22:05:25.173,-35.62,71.56,0,a6f31d1ea157e639d4d30c62ad964cef,4731.316566666666,35.62,70.15
32974e564fdd223e1de3b0926d3d1671,0d518763a74d5bfeb745f25641af7d32,2026-07-21 23:26:20.072,-25.62,63.49,0,4c95b8f39b5af2d1c0b5864efab36d70,5628.046616666667,30.62,63.49
62f6055a13de648fa41aa4c55a609639,6d4773121dc2d99a3e62ccb01e60b0f8,2026-07-22 08:21:43.570,-35.62,70.9,0,f89bde3834eaa8a42e3ac5d9eea1d2ed,14100.492166666667,35.62,70.8
e671d616b69765941f3f34a7fabda11d,063e6603563dc81f1e38d8d97ab3e6f0,2026-07-22 09:34:42.418,-33.9,71.49,0,8aa11162ac383f3ed2499bbc20ec79ec,4291.572366666666,23.6,71.49
81b0b83f84d7a92113891867403d4d8a,bed6ba06d7b3c9422f156a708cc0512f,2026-07-22 13:14:10.555,-25.88,66.31,0,694493271e050dc0bb8ee0de878818db,99914.08808333334,25.62,66.03
d1844c94762c6dfe2d41cd19d88210a5,abe06cef08158ad8a6de0a530e0f8399,2026-07-22 13:43:01.921,-35.62,68.63,0,5b044c136fbbbde9938cdb6ca7fb9b8a,6758.059166666667,35.62,70.32
c30e6c3b4b395428c53a3a0ef323d1dc,00b12d60f20c4d2acf852c31caa5bf3b,2026-07-22 13:53:22.289,-35.62,65.5,0,1be98dad5e1602ebf9732322b80b0c38,4038.9325000000003,35.62,65.5
c0ef275f5e57673d2cf77ecdcde10002,41a2957acb61590d1fbc90b3442f37c5,2026-07-22 13:57:27.803,-16.13,67.47,0,9bd60392789e2afc08817f8f17613e32,4316.784066666666,25.78,67.47
9d4570d3f158e8e0382b61371ff551fb,dbc854e019e8d2ac36d30750fecb6838,2026-07-22 14:18:48.813,-25.62,61.45,0,bc864ca202de06cafca9bc6ed9967a98,4110.753583333333,35.62,61.45
3c3b618772edde7a5fa3a75b3101bdf2,d02e3781459db4a3184083ed6aa2f6f0,2026-07-22 19:30:18.527,-35.61,71.69,0,df4ef4dc840342b7197c57000b11a93a,37361.77631666666,19.2,69.14
1b2fe459a69a097ce6aada41c4a683d2,19edc7ea2ede732ef8d7e3d1b2631255,2026-07-22 20:07:13.228,-11.33,69.48,0,b5b3c223c379d1017e58b54ae8a1f76d,2797.68945,32.17,69.48
d989050b923dd4db639b883fd31d9d72,c70900c68bdb2cf0b9f7bcfd5e22ddb2,2026-07-22 21:07:56.763,-25.62,71.19,0,7766adc72e2ad7ebbf51a303aeb07a16,35260.24596666666,25.62,71.56
e03225ab86ca16f4d686a1dda7390296,40e9c07db038ca05088ead4f44a3eea0,2026-07-23 03:44:40.053,-34.35,67.45,0,39f8fe23bff9932c9c2f9f2ba7ae9026,9214.96335,42.8,127.0
e20a7783192b7adfdc77c944f9ca69c1,d3c7a2d3112fd99fe74297a758d71b32,2026-07-23 09:48:14.824,-35.62,65.5,0,9427c25fe2c18f563668e1611e90c2d3,13061.4125,28.18,65.4
19a980e2b79b051bf1c83d4c4e9f3787,68e5d4aed06d149d59e960c4836cf7b0,2026-07-23 13:45:02.610,-35.62,71.33,0,bc1aba02d591f6f969c720e728dec650,7249.7077500000005,35.62,73.34
884903e0c08ab67e17122459167c5472,c8462d9f99b966e857ea0d3d5b5aa382,2026-07-23 17:35:08.504,-35.62,65.07,0,76d0fb9dc24a04f5fdb8ef72b9588b54,4782.703866666667,13.43,71.19
56884bd208ca0bdb4dff571ae8361589,f2b1d62572230e7d06a1ea029a60e90e,2026-07-24 03:06:50.380,-34.44,67.77,0,9ecc870467c8d49dd0b6c0befd408b41,6818.037283333334,35.62,63.38
7888f0060ba4618e585733cc0f3a5070,aa0c426f885ca89265123a3e238b84ca,2026-07-24 05:44:47.032,-30.06,67.58,0,b52cec10a77cd6e7fae411e8bc0e4f02,14312.811066666667,19.39,66.88
856c290db5b3f8c36941b6f6221c47c2,97c39c7a2c183255a8ea003f331184c4,2026-07-24 07:25:40.593,-26.44,71.79,0,b923d3fc5936a93669557e64203e8de2,5766.30335,35.62,71.69
60aa28060d7d23c89bafef53779ac025,094645e01b8514156e534e0ff7906ecf,2026-07-24 08:07:30.938,-30.6,72.05,0,4e6e87e4d9ea1a55ff131726c76f9b99,6776.4759,30.62,71.92
6d15835ace5f13195851dbe3c6c3281a,2c7093dd79d8ef38730487847b69ae30,2026-07-24 09:52:44.734,-35.62,70.75,0,8dce44c732ac6a1fd53276543f0ff565,34693.09886666667,45.62,68.04
e64cb1e56714e44c26bba8814e640992,eed224e1b5b3f20ed3e64bbae243dbec,2026-07-24 11:05:10.888,-35.62,71.39,0,d419f7c5a38a06428f889dfc7e28d786,35463.70843333333,41.83,71.81
8a51d3d5e78467ba97cbbf1c9ae4f843,b57d8d37d342f4e73292c825100296fe,2026-07-24 17:08:09.480,-35.62,71.74,0,30c90102fa7b92653059145ada5cd145,9806.8194,35.62,71.62
66b46f54c10f4b380f3f5273a99a9512,7c500ee3ffe4512813027d11854f2c88,2026-07-24 19:17:55.044,-45.62,39.7,0,f06fa39e0db91f76e660277729a282bf,2133.3591333333334,45.62,37.2
c834f6c109145427b25c2fc872928f24,2f63b6c39eae2156c06a5b6570f4a2aa,2026-07-25 06:45:53.781,-28.25,68.28,0,8b8f0b6b368833ff3661db8f56fd5025,4407.7189499999995,35.62,68.17
32559531c4624b9f6dbf6c7258afe0f2,144ae2cc317b05fd353d5b06a2fa7050,2026-07-25 11:45:51.183,-35.62,67.64,0,2dc5b883474364f87581687bd02e804d,4110.058866666667,20.62,67.52
9e657745bd17773288b10b8a35005353,6d040b8e55505a6f0c7e46db235766fc,2026-07-25 13:14:00.213,-18.62,71.0,0,9b9f21b666a50f7b2b8124e97b85be34,8727.204183333333,18.62,70.9
7ef4fb10e6083eae7d9eea83d5f47b93,8a7bda3c23eeb3ec77b9427a56e2e3ab,2026-07-25 15:04:54.413,-26.96,70.27,0,6ae558b81d90f676b639541270f9bf07,57241.37595,40.62,69.69
b3187ca80048049603ec1da7c327e185,5b40810564ac8cf48bb2803ada2f9b36,2026-07-25 17:58:51.407,-34.65,65.01,0,a6d043f252b8cc25d9f8850035289267,4502.750966666667,29.18,65.6
f0f8fe89e04c88ea35a128b9680f2aba,1ebd17edb5835d5fa90795ba90ef1988,2026-07-25 21:07:20.869,-35.6,65.99,0,a2f86b5b791f55ec742fdc9ccbe6f672,9748.4467,35.62,71.43
029ce34d0601ce6c7090a1d9f6083128,c6e00858ce916c0824d7021e3077058a,2026-07-26 01:05:13.247,-25.62,70.76,0,88042ba1a1bb8ed5c6f3b6044669d825,1978.06515,20.62,70.76
b5701688c3df47c745990cce55851002,09286d63a2437d4da89ad35950eadf54,2026-07-26 06:41:21.294,-31.84,64.45,0,7cc420bf5c6c4c164f66a8c386411e52,6767.605783333333,25.62,64.4
1f363731b678abd42a84a7a56cd4f8f2,8d4b1c1dd373b5abd8bfab7c5188bcda,2026-07-26 09:05:29.370,-29.78,70.66,0,66536a30fe1397661692131aafd2e993,8086.583983333333,22.23,70.57
d1a1fbc50a2bed244cce548d1b8a880b,164d720f382abf5811336b1f6475d940,2026-07-26 09:32:17.495,-35.62,64.45,0,462730ccc4afd7fa45a672299d3cd2a5,6995.447766666666,35.61,64.34
1fdeb5d8726d65f83a6542b6c6c54f5c,e3e491411b0163691db433c6d5cde298,2026-07-26 15:52:44.496,-29.9,72.17,0,62d0dc9114fe7153fc8c32b289935ef9,2646.4819333333335,35.62,68.78
ed9e7df6de09dfc552497e750bece7b5,d17138d424b6b47f10e45f407b7ca1dc,2026-07-26 19:11:31.760,-35.62,72.76,0,432ad01368b70c860413bf4eb5b33f67,13262.399316666668,27.16,72.66
058fdd98059ca671519a7f889a96833b,cd5b7f33b33a4bea919018f388101c53,2026-07-27 08:33:21.917,-35.62,64.99,0,5fd8b23889a1bffc6efcb247efd84f61,8870.569616666668,30.62,76.93
e61ff239ce38b1d9a395010f67e432b6,a9cb3b1997e9f981e14022db8b69385c,2026-07-27 13:19:00.634,-34.99,69.79,0,af1a867b78742180d8d8368219d5bcc8,5882.971399999999,30.64,69.92
4e6fe6d969aa23dd5fe23b55825d6779,f7a147ed162b901d454b14d5cd80e2c5,2026-07-27 14:11:37.746,-26.62,67.76,0,3b9b7f53dc86d7a06cb7354ccbefc248,6859.113316666667,35.62,67.65
3a22939bd1cbdc3cc6c8a67f16be5048,5205ef31eecce1aafb9e5626eff9fc03,2026-07-27 16:54:19.355,-30.19,68.92,0,fb98f4092f2ca62bb003297cf617b8b4,3127.4659,35.62,68.75
91cceeb5d1fbec201d1735a56780c827,1b9ba42f387a1b63d532b61c2dc3d6c4,2026-07-27 17:40:29.927,-34.14,63.02,0,01d197eaca8e56ab38d27e7188caff44,5590.180833333333,35.62,63.0
a75c1cf73de72ef35d7a9f6bb8c1ad02,9b116efe9e1a23bb633100fabb78bea8,2026-07-27 20:22:04.559,-34.8,68.54,0,43e64b0ee642022fc46c860263f2d187,6301.575083333333,23.47,68.43
6496be185a8fdcf04fdc3e4804471046,c0425cdb3ac799dc865b4319a4198ca3,2026-07-28 05:48:36.917,-34.02,67.59,0,260f4f653be6df13781e5a281bb9942e,4149.99425,20.62,140.0
bd1455ffc186c15b511a9d7b7525a20f,d295bdfd4042e18178b484ba649ff147,2026-07-28 07:11:42.176,-35.62,72.16,0,dcbd5c13798ad16e0616f33054aaf3cb,1073.7485833333333,18.55,77.3
1c968c65db90a3251d233ed5b52674e4,74bbc020bd480486bece91bfd24d199d,2026-07-28 16:18:22.205,-20.52,67.09,0,f1b21e02854a43e5960fc4ee9e6445c3,1631.3717499999998,31.72,67.09
2b23df59ca06cbe3878426ab26ef66fb,a3486736faf7ce0fdc6108a43023b03e,2026-07-28 17:22:54.605,-26.97,71.54,0,6f4276cdcd83f59d217d93c4e6754b40,19180.137016666664,25.62,72.48
678df5e6f55aee51b14fa595b754fb96,4b88e67ed6c9ac66bb33a383a14bf8a1,2026-07-28 18:47:43.250,-30.62,67.09,0,3a2d80e5da8a84f489e148aa2ee91c2a,17724.998333333333,30.29,66.88
f35e6a61756161bb396656209fac45dd,d267ac729f78fcacbda7df7eb6cc2e68,2026-07-29 09:44:32.261,-29.07,66.04,0,6a70e3059bc4a990d09153e0ef1ff895,12246.944099999999,35.62,68.43
fbd3c9f00023d43248bd573afb9e484c,7e714b0a7a490aab24f9ac696975414f,2026-07-29 10:07:32.448,-46.97,65.74,0,1328d3bd6bce4e2338dffaa9e3edb28a,3946.760816666667,35.62,65.74
f5336e8412830dbf9454991af6c5db9b,10effc04b779bb62ab564e3a999c95f9,2026-07-29 15:07:23.284,-35.62,64.89,0,c6b8ca5656868b8c0b189043ad2fa8c0,5662.950916666667,35.62,64.89
60ba90b44004ffdba251b4ae6f09acc9,4d531fcebe437094264a93f85a635c84,2026-07-29 15:30:37.304,-34.47,70.13,0,a74bfb0f867362f5dbbf45ae98540d2e,13075.681333333334,35.62,70.39
c41c14a09363e9810b0d3440c2396028,d469f345c5e9fd6ee43b17610c25b830,2026-07-30 03:28:53.108,-50.24,39.0,0,47745f5d4bd4587a9adf3753f367e5f6,10482.931916666666,35.59,99.99
d9ee02763ae7c8f3b722715b9c49ab50,24d6b9349f5fdf8c8632cd5aeffc5504,2026-07-30 09:39:04.841,-35.62,64.08,0,b7e3a1894f9b5f7d898703dc7227dff7,1409.79945,35.62,64.08
02ce51ee3835b548bf6469a852ccfdb1,fa6828cbb30c54cd1f0f2970ae022c36,2026-07-30 17:11:26.341,-35.62,64.7,0,6d64e6f6be209ca5f6c70d367165821e,4360.3283833333335,35.62,63.09
a88319369c14ea3ebe02dd3ff38b9a93,9f6d57c7ec15744f18a48dbb4c08883a,2026-07-30 17:50:24.975,-45.62,66.36,0,b6c38bf8a6bc4a1af7651c00bd9868e1,32866.06845,35.62,65.96
373d618255187a99beb0ba8849510a1c,fc0af318da3ab9a006e810c5c631de2b,2026-07-30 18:01:06.547,-13.61,62.56,0,15ba3629550c207e1b33c365a9ad0326,65924.73556666667,34.75,61.79
d49aaffbd9a4751e5226b0aa682b3aec,bc452a6ecdd4cc6c5e9ad1d1aeb1088b,2026-07-30 18:45:00.723,-35.62,72.76,0,d960026960f8a6d98e675c022e2d9a5d,7347.0481500000005,31.87,70.52
288011880eaa262c221b24398dd437ef,a9ab2cd0c25a7fef79d161528b1d015e,2026-07-31 03:16:24.198,-21.7,66.7,0,9a609104998efce464099750ba10bc54,129.8272,30.62,69.64
59cef970733f95061a4c198045e39408,da0616c6f0a186f58c02cdc6723e4590,2026-07-31 06:37:59.395,-25.11,61.54,0,3604dada3c91ae9b23c1e485a318daf8,19582.884583333333,28.26,66.25
34514a6990d3141e281f876dba3f02f1,36eed725300b0f67d26321043989b026,2026-07-31 11:56:56.408,-75.62,38.99,0,2d50e7bba6538cd10da86586d4c57d66,2668.2302333333337,35.62,37.9
a6cf13a3afb10887d6ed44c73e6de2be,56d712552edb982fc17ec903d69e768e,2026-07-31 15:12:33.293,-25.22,68.31,0,f9de08f5824e9e8127eafa9a30fe86b7,6776.451633333333,31.62,65.02
5d90525fa1f8834d1f29282b5663c36c,0395d9da705576d7d761540523f5901f,2026-07-31 16:06:00.804,-23.62,70.04,0,266ce6ee533b80c4bd80fb2ad615164d,45731.53528333334,45.62,79.95
5e16cb56da1c875ce15924e8d5fb1e30,ac835087cb0a361951b904813d25d676,2026-07-31 22:40:02.539,-27.81,71.86,0,c2fb64e7b8876166ebc6a18d3317fe39,1349.2344666666665,25.62,69.86
6f165f97d9f250c880fdaa4e4b695bfb,0008bb56f8889602d088e86dbd9dc472,2026-07-31 23:08:04.492,-25.98,69.88,0,703718fdcc86c462ae262ada4866358b,318.2541166666667,47.23,71.07
e3deeaa7699821ce3232b7b01a296362,c376c22aca347440ab5dcbf5fb5ea03a,2026-08-01 00:25:54.791,-25.62,68.66,0,965fbfee4120533b6b7cf01394828bae,26271.791299999997,25.62,68.53
2fd408ee71d5ce9b0004a2dc411c4962,8383de384177863db9e9dbde079b0d7c,2026-08-01 12:34:09.047,-87.57,37.5,0,f6d11499c57d4dc8cb7b66e972f85e1a,2648.4921000000004,49.03,37.5
d3f14343f428ab2a682de149c4b99b9d,118334c6d9f28ac0a85a06bac3e51638,2026-08-01 13:55:51.633,-31.98,69.81,0,1cc79c41732126bccf385cddc3d19045,5621.9582,25.62,69.78
734220fa55b430c5613af1d071bdc987,95a3d4693a76f574fd80c909a54e0926,2026-08-01 16:48:27.844,-35.62,70.68,0,40decf6d851e65bd4a19ac2f67291e2b,9905.405533333334,35.62,70.44
6444d25243f31bf38f890521074ce56b,c65fa2adfaad58c6c96c5f1217ff58f4,2026-08-01 20:50:02.057,-35.62,71.0,0,c8590018df47dcfc34b6238276c85c74,10578.885833333334,35.62,71.0
f50f27bd7bf0d8fc2d730e4f57cdc87f,d7a816be0525f8eeb8c269fb69ace789,2026-08-02 00:21:05.088,-45.62,71.91,0,5527af436a5758453e39d914c45827e8,5221.889766666666,35.5,71.85
29562ff01b41597c2fc8e33f261849a6,151e49ed03aa7562df73e19e6c4f547b,2026-08-02 05:36:16.563,-30.62,64.33,0,dae6481db968df519322807b3bba10b8,9662.947533333332,35.62,64.33
9602435345c2c6cbb8160d6873957298,c0db50d1ceddf2e1df469bffa2ddca89,2026-08-02 10:37:27.542,-22.44,69.85,0,87d35228c0d5dfd53ea265f184a6fa49,2981.299833333333,25.15,70.47
309690b514921f9d76c1a10e0113d52c,7f8c2fff42370c293221cf4204aa7bef,2026-08-02 11:10:07.465,-51.71,67.76,0,6cc11abeea4d4f3709c676227fdcad84,12624.780933333333,25.62,66.36
98b2ed0050ac84ccc09e60bd11ce0be2,324910534e60bd81568428fa12778986,2026-08-02 17:39:45.445,-44.67,70.34,0,82b9a892ed8c56df30ca26a0253c45f5,29933.13741666667,35.62,70.12
5dc7978791784be8142046cfb5f8baaa,47a6b11856f8b6cc8f8370a295ed5d17,2026-08-02 21:00:16.897,-37.45,68.44,0,a9b594b825bc997151b9bcfbdf8f5f09,4460.426833333333,35.0,68.68
296cdf23648d644ca97913dd6b1de15e,6949c24fc57033f215266a3465698dd9,2026-08-03 10:08:12.313,-35.62,67.31,0,b921b990ea45064053857a5cde1faddd,2488.8715166666666,35.62,67.31
bbbe781913db010ab920508220a0d256,c731a34bbacbfbe35c2fe98a8c569753,2026-08-03 15:25:49.482,-45.62,61.05,0,ac50b66f8cbfb787cffe7cab2bc1a17c,4683.198466666667,38.38,60.55
959a37093625bf19e7c029b339532314,7041ad1d64c55ce26c043e9b5ac4483a,2026-08-03 15:44:01.350,-35.62,67.04,0,90a4403bccb5006c80297a310007aeb7,15830.29905,35.62,68.93
075541d9862b83f235afb33c68d4d997,1d268c2af219965fdc3b96d909f9efd3,2026-08-03 20:56:55.308,-35.05,72.21,0,51336b59219844ec5fbaaf4800a5e18a,10313.475383333334,35.62,72.21
a4f65e5470597c8059c1bad366b6f4fe,9d63c5419fc6dc4d014d617f67b30701,2026-08-04 12:05:37.396,-35.62,67.37,0,d6ce21205591f991dc95c0d94becf79d,3971.5995,25.62,67.04
3afa6b957d8f80266cad0059984ae661,6ed510264f9a93a0baf8dd4933b3e487,2026-08-04 12:54:30.712,-28.62,67.59,0,9fe29da843bc0747affbd0d9ed523dfb,9137.460883333335,40.62,67.59
9aa27e57faf12fe0d8e5d8f4e6723b26,9c56904bfff6784fe892fd7ff0f33d57,2026-08-04 15:59:08.753,-34.33,69.66,0,0b930c676c209049fd863c15683ad252,1895.6391833333332,34.4,69.48
a6cdba1d75af25d043f9511305f730a2,f0f40b1c2aadedd0bc83fc9d1b858085,2026-08-04 21:44:30.164,-55.62,67.77,0,0183a18b5241a40955876e5ec6cad7d1,4281.985633333334,43.88,67.16
a1799896babdaac4c8488215474adfb4,5829df4e2327c8f635ed0546642720a4,2026-08-04 21:58:15.401,-34.81,71.85,0,3b98fb46c29afc61ac9d6b059490a661,34720.15356666667,32.86,71.63
d4c13dc718b664cf04513382c03a7129,eee0160d47bce6342ab77b4431e047bc,2026-08-04 22:26:29.424,-35.62,72.58,0,cacffe0377f9bbfd4f05cfd405d4b5eb,105354.83861666666,38.9,72.1
ca48fe5c6e5ebf1b1bdf0a7e52fceab4,c846a2f00cbd14baaf3f75f86abb5638,2026-08-05 09:30:55.442,-30.62,64.51,0,5acc42f96e8cd897696e8e04881ca828,8704.188416666666,35.62,64.29
5dee2beb98c88e0de3f50712078329d0,1657ea21480cc7fa1d42ee615138957f,2026-08-05 11:38:18.267,-35.62,65.27,0,321eb89319e07bc94c99dae7d193edf1,95961.06956666666,47.62,64.32
f89a8c7153fa657f2f932807642f6b2a,51e85906b1a33841849964c7213cb1b4,2026-08-05 12:01:12.123,-23.62,63.23,0,8c4059072fa1a6a1129c41331bb200b0,11306.688916666666,30.62,71.47
c1632f9c17f49874beea19306b5185f1,8861622c0853e81bd641726c6654c9ee,2026-08-05 14:41:44.049,-35.95,38.9,0,dd0fa89defdd715f17d1f11d93ff01b9,47788.51651666666,20.08,64.05
87645df8a3e01600803c3ca85c892f8f,27b19fd0565ae54fc4f2f833a1146e05,2026-08-05 14:49:45.412,-30.36,71.99,0,92501fad31d409b705258d351de38edf,4667.4806499999995,30.98,71.99
0d765d1ed4edc62780f411153eb7b380,5b2253810de5a9f3f9f3dbb6e34fc69f,2026-08-05 17:18:41.140,-35.45,67.04,0,c8d66b3f3ac12de89302162c1ef0c440,70489.53401666667,20.71,66.23
877aeb9d4f2844025a0bdddd08a18da3,69d4086d425a50aa9a8bebff20d52e2e,2026-08-05 17:48:39.340,-10.62,68.44,0,1848f1f1e003e249a0713026af176853,10661.707666666665,34.07,64.45
94cb7a3132bd7e2c3a6092ca625a088e,cee55a1d536d975be54ee93324725bb9,2026-08-05 18:10:21.311,-30.62,65.5,0,36def66fca1dc26637e7565517d2fe69,10134.0428,30.62,65.5
cf0b9ced7d207ba577975fe81975b297,6f0f7b924a602e2269a182ee042a1aab,2026-08-06 06:06:52.174,-35.62,67.77,0,1d6ec543356ea2915b1bdab53a515918,4363.609,35.62,67.77
a282ff17e6e45d0626c5bde40492f730,cbcccad8f06e0b72fbf23ec827080630,2026-08-06 11:08:45.788,-55.62,67.04,0,005e13b1b1c90fe2f5c3ba8c72bf5c7b,1534.3770166666666,34.58,69.04
9686df6343b24cfbe3f29467c7e3cce9,d183f04b04728a83938d2e5fe1b34a59,2026-08-06 14:29:54.999,-35.62,69.77,0,a1059136dca7069615b12adfe9cc202e,15841.925066666667,35.62,69.77
967f0dd1cc5582b8ca531747ae96de0b,1fb4ec522851fe8d872a9ccf06692286,2026-08-06 15:05:13.454,-34.56,69.09,0,d4189e40233d90eaaeae21982b9a5b0a,4932.6695500000005,25.62,69.09
2d89559515c04403985f8c1c7f438f59,cd12ade340e0700d595d074bcd4a3a30,2026-08-06 17:22:23.237,-35.62,70.34,0,ff59ce196eff930ba16cc8b7c0c266de,8620.19375,34.09,71.56
8e2c84661425c0c61eccf7fc2978e0a6,7aab0a4c23aa7cd7001ba580a01c3d43,2026-08-06 17:23:16.127,-40.79,71.07,0,c6a9511731350330986c9140271df352,53729.78958333333,35.62,70.48
d3e5b71d3cd82e39e67e604e0be08aee,c200eb6c94e005a68c793ee737f0d1e2,2026-08-06 20:12:28.399,-30.08,69.48,0,26feda2e2d598bccacd0f8a52e9bdfd4,69046.86973333333,41.66,69.35
e3b14570b75e4738ca4bf9f4fc9a1a5c,61be3d861ae163d1c87d212e7f4da416,2026-08-06 20:37:13.812,-26.8,72.34,0,2992a70e917d2d020cf0dcfb678307bc,1.64235,15.27,97.45
0d7b618920cdaeca6fb26885a6edba63,f82496815ccbe331d44f56d9f1d2a256,2026-08-06 22:47:40.564,-36.31,65.48,0,1e440788894864929a3636ae49ea5c34,6188.426133333333,13.39,65.58
806bbbcea57056043d40bfc4781d8278,c490eaa67f8355e34bcc715ae8b071fc,2026-08-07 05:47:18.375,-20.62,67.04,0,82a1ee4809bc83c4f7b58ef565e0b525,20150.972566666667,33.62,66.93
bd2e49c873641b1671a0c20a21883ab4,e713659f70c35c45e63c66dbbfb3e3cb,2026-08-07 09:30:19.683,-45.62,67.77,0,e0d7d2d3fe7ba6f2bb8684b8f9c03be4,8202.789816666667,36.24,67.77
a3896a578e4148fc9a4d2504a3bdde73,0cb0bd1ccf89a5cdc7c0a90b3b5a8267,2026-08-07 11:38:08.227,-32.94,71.85,0,391caac2683326f26c92ede91513522f,12659.785100000001,44.04,71.85
b2c396b1ad5c9126f6954266b78be031,ca281f9fe5a06b770581135ff3331d05,2026-08-07 12:36:43.020,-22.07,69.91,0,7eb09da9670c906306b5e35e7ed9b510,8763.864466666668,28.24,71.49
edcc5d34e52d10e7c57762c307d448a4,d1f41d3e7bffbee80cf5080db0325b67,2026-08-07 13:53:54.625,-25.62,66.96,0,bad891aafa0e57fbb19c3774d1d54f67,18920.03323333333,35.62,67.09
b4ef59ad7956e170675d7d713004c1a2,51faa33f6e688d4f1a194448091c97ef,2026-08-07 16:31:41.288,-29.49,62.84,0,525daadb2e99a41f6444e21720816a3f,22051.337016666665,6.62,189.0
4432f841edd2a0c22be2909c16efa548,6ef766d22677c8fa9a94bc24347326c0,2026-08-07 16:49:13.326,-47.8,71.11,0,4c9fed159205c1ce232ef413f1aacb29,15510.362366666666,35.62,71.11
bbecf73591fc34db931a49654457252b,8ba4ccc6bb1a5709f4f2f0f56e17af4e,2026-08-08 08:34:59.919,-36.63,70.44,0,12255b16b37105699d0e410bae22bd3e,10134.160366666667,43.64,70.25
7a5e976d97eff3a2e34e0bb66bc2a63c,555fe0c9813d5268f63b0732590d1ece,2026-08-08 10:27:31.233,-41.72,70.82,0,1c16dc7ee7f24bed876781b9cfc68bb8,11133.954383333334,45.62,72.88
a4266df39371c7f4063cffefe09081d8,449a974cb7f1398f01e666dee28460f9,2026-08-08 10:27:32.745,-28.06,70.8,0,85bac9079109a2846d5cc2e566e9e280,9373.11435,26.49,71.85
5cfc596d340288fec3dd1485f0d7a9fe,6a645b349a86bcd27a8561a7051f5054,2026-08-08 11:34:35.586,-35.62,68.75,0,3befed0dd45efca75f6fdfe5463f6c69,1820.5759166666664,25.62,64.59
b7c9ee0a99c11fa85f1e7652c62c5b02,e259ec90f5979d5592b7cfa2383d2d8b,2026-08-08 15:55:37.401,-27.03,70.06,0,948e3c200be39d4a57a1e84308172087,12908.18505,10.62,65.58
5b17bbaeeffba0167f0b0da51f2e52eb,2b4137be71cbd5581ee2d43b5d6ccf6e,2026-08-08 19:04:02.724,-35.62,66.54,0,25832f97b91b760e45c0f0e48360e793,3240.9581666666663,26.33,67.57
5b600eb3f41ea10087032a75e27f62a1,e9025388bf780baa4f0a4f4637f35689,2026-08-08 19:44:16.360,-38.83,69.85,0,98b2b9e102b19018585eaa0ab7e137ed,20174.258550000002,24.22,72.05
0815dc455e649fd4067bc141da5cddce,5a143a83d0ee7d887446a07d21677bf5,2026-08-08 20:59:54.949,-30.62,70.19,0,53ad46bcc8cdc70cd08a390b67449b9b,251.9946,25.66,96.29
b0a511a4f294d8189c6fcc74f87a7f94,a536ce86b652c10cebedf6facca821c6,2026-08-08 21:54:32.970,-47.83,71.56,0,9d1863649110db31d72326f9c6000b1a,38752.4625,25.62,96.39
6e6047285e2f36ab52b91f2853379c14,a25895000ebef68a1fa3823ca2116548,2026-08-08 21:59:13.398,-32.98,71.56,0,3fa70e9492b7d17ba8ff0a483793ad22,2166.419683333333,35.3,73.56
47f32b8b4f84b02e887350254baac4c6,de64b226954cd5682a973e4289c6c009,2026-08-09 00:00:58.351,-40.6,71.88,0,27e33bea379fcc9cfc8d1ac05fc48cc1,3279.3557166666665,50.33,71.86
5f2e73b8812b49444e7f18d2f9e54a66,bae29f69af1a62d5bc1150346d96f7c9,2026-08-09 08:45:49.219,-30.35,68.96,0,51d54c8577ccdb846ffd69a8301103b9,1399.1606666666667,35.62,68.96
02ceb37f088ad02b513d58a83e986fdc,20c195023817d75cdeb7b9d48f0e91fb,2026-08-09 11:37:33.670,-32.44,67.09,0,25f63f5aea21c7aca0682754eb54ffe2,7240.300333333334,15.62,62.35
63413e80e6a2fe1010c181d171c71306,b499f7f69355b5bfa2b3dafcff6b08fe,2026-08-09 14:12:12.113,-36.28,65.2,0,e320062b104bdfbbbab12e54aedd8a40,3524.1645166666667,28.36,65.2
0152ada7d7ca684b806938d90a4ab152,7d5f59787b8427279c586953a3aafba5,2026-08-09 16:18:04.774,-35.62,63.0,0,c4fde0143a1d608c93f4b5d5e160125a,22488.285383333332,35.62,63.0
2935e5ccd4f77190b26557b904b388c2,1f144df1adc1fc369d5454de1b63d812,2026-08-09 19:59:04.498,-25.62,70.5,0,3a7692bd370e820a2ca8a852bd8b4643,44344.97671666667,28.66,80.02
561be700ed8c6d9bde3a1721921dc8cd,f909c116a49c181165709f60771f12d9,2026-08-09 21:58:41.680,-87.64,33.59,0,52af40b1a23dc1713926e931de78c145,911.0022,86.98,33.59
aa6f4ebad7ee3ca0f9acda432364080d,53632b47e4d2d474667aaa37e8754dcd,2026-08-10 01:49:02.966,-16.45,64.59,0,4c5f9b5dec76a3c5e26f328767a60148,59020.87428333333,11.95,78.85
b17ad32e3dd53028025a5ca882b85f0f,0db912651c8a34e8afacaebc48d2a6a7,2026-08-10 03:15:42.154,-35.62,68.54,0,aa683a779b4f68c925e9d0c82531f4e2,21525.230116666666,35.62,68.54
45d62eaa024850a8a4c487159d33076a,475cfbc829f8dd5cce2ed25b471443bc,2026-08-10 05:26:22.605,-31.06,66.81,0,0bf87fe1e2ea0c3d1a1c2bca27d21c0d,131.27214999999998,28.22,66.36
a058d5da97e1fcdc22febffb493d8942,840bc4f5999df8d29d35be9fb3ae7e80,2026-08-10 07:57:41.143,-41.98,70.18,0,49067ae5463340d0eda0c17ea48453e6,4306.106466666667,44.22,70.18
67cde0da5bfd6c9a2532ff2eb1cf1fe7,06735c3ef9331446e70f35faaf650b8f,2026-08-10 09:49:54.659,-21.86,61.54,0,72f8e71c47cd1a88ea115b29867aed90,3992.3292833333335,64.73,67.66
2ded9384b1170e5680d9856a6a8df754,be37040ba745a61db8e9b28f0aa53241,2026-08-10 14:07:46.792,-38.86,65.1,0,a0cffe050506d15fa0bdaf26d0f2ef60,5923.869883333334,37.35,65.1
918758d2dbaba1e945e52331314a3d77,55fe0207362b9123855c373d80298b2b,2026-08-10 20:09:33.711,-13.86,69.09,0,519a1d3f2b8f16502138c1809c77070b,4981.669683333333,29.86,69.09
1a172a7ae9013bd97a617b45c535f3a3,c3f49b7d19deb46f89772fd4220a7021,2026-08-10 22:05:24.553,-50.51,72.95,0,cdbf82b32f7c1e9af4b6f6c30e2cb655,6234.902433333334,52.48,72.52
dd6d84665d00ccd5e4988648e51645dc,d4734cd92e6eb6efa9d9b2b82b95b8bb,2026-08-11 06:32:28.031,-38.77,70.87,0,ab6fe5ef88ce7b453558554ed9ef7bce,8670.8819,28.19,70.87
f51b1c9ce47a5dde1302cc447c6fbe63,2c3f9ac91a9247b7ddb338452bb402bc,2026-08-11 08:00:13.959,-55.62,65.13,0,492c3ba8b82e501f4852ad1fde1815b1,756.9516666666666,35.62,68.44
c747c11c1eefc754fae678d2609a6dd9,2c70185f0be234a4cdd864d678a173b9,2026-08-11 09:47:47.092,-19.15,65.18,0,0089a14decd318d9c5ed46927d5dde7c,5616.658850000001,17.14,71.14
e641650b8db99eaf1fd96fc92b1eaf56,5c397f133e0c5df2fcb2041143c10096,2026-08-11 11:38:48.877,-55.62,72.17,15,2578d010e3089f8b095d83f964dbc007,2.8884166666666666,55.62,72.17
cf30e74a892a2764017d45a107326f84,d96ae6efca1180917a8e4396ee29b9cf,2026-08-11 12:29:52.614,-40.59,39.0,0,4c1775103ea4e9f3aa069007a99f5d50,4177.617333333334,44.54,38.98
9668227753c28e4ea5f0d3f29d3c921d,b17683df01d0d0e1a84f2bd41490f238,2026-08-11 12:58:24.703,-27.57,68.31,0,fdd59809a6885b93f7e10220a6504776,5328.903916666666,33.02,72.98
d4907cfbd8e8c0f510e47679886bf63f,936dac1db8de273295fa85286bd16611,2026-08-11 13:58:28.909,-29.28,72.27,0,4910e341ef7876d666f0fbb48f2b9330,1740.6047,50.62,77.67
bba82a4424ec08d8013e09775d88c493,ebe1eb112d72c1b8e065e41128d1b32e,2026-08-11 15:50:40.659,-35.62,69.54,0,5f0c81774ff0dc502d99b6cda0c045b4,8493.509366666667,19.8,70.5
22f70bcb46bf845d3f4bb4f56509e340,e5c490130d290ad6f9b2aba5778cabec,2026-08-11 18:29:36.711,-33.84,70.87,0,1c707850e9f5149fbd0e7c7b3ceeeaab,12245.335583333333,27.11,69.79
f57c4ffe75d7293570d7d84302b25ebd,3aa9c6c97dd8e63df9468e7c763bc1bb,2026-08-12 09:52:04.163,-35.62,67.59,0,598ed9c80f43bd8c45417d9bc1bc628b,1.25115,15.62,63.0
6227cc6eeb10028e90fd7a68a75d2bff,7eeb51d20686467784c01d1b0de986c3,2026-08-12 10:21:50.411,-35.62,69.11,0,023270c598e75561cf8f8a6ac97c31d4,11314.62795,19.9,69.11
bec9795f0470f2ecf835c72be67ec2cf,c07762133de25b2557cb7b348effbfc4,2026-08-12 11:06:03.958,-45.62,70.44,0,3e1800f54e185b948806540256b399d3,36223.052983333335,30.62,69.83
57b18529e5d71af8972f47312b12ceb1,f3a3a4367de3676f4102eed78c5b8f09,2026-08-12 11:27:07.928,-20.55,66.96,0,16f7d4ef8a79e181371b48fae16833f5,2677.1041,25.62,67.77
a8648e936c05bacd40d0f6dae0dfbea0,719ce41b8c6f384e0474d8de3ae2ff59,2026-08-12 12:01:07.743,-40.62,69.4,0,cf37377e2f8daacc0146f2e4b0504ab9,12964.000250000001,39.62,72.66
9512e50b0d1fd20be748e43cdeded072,2bd1c31bdc4a00bf482843c34f944d80,2026-08-12 13:26:00.372,-45.28,70.21,0,aaf4836a7c1f50e209dfe88ec424d20a,11763.266233333334,55.62,64.99
bd81f341d8e779287ff0764515f5788d,214af22814153b3d71ed5f85a18a2980,2026-08-12 13:49:05.940,-55.62,69.85,0,ca923069beb0df7c4c7fd8f0e20989c4,3199.577733333333,40.31,63.48
99954afc6447036fdf8edd2118618e8e,26050f54d474376fe10ca72408b76e6a,2026-08-12 17:36:25.171,-45.62,67.76,0,db49a8e4f7cce1a8ed91ddad8d761441,67387.1248,7.62,284.0
3a408fe89e8852e6d87f7694c8260b51,4e1fdd9bfe1c1a22591e8ae3b5363273,2026-08-12 19:00:52.819,-37.42,65.37,0,fd6702a29d8b0d3b3d75a4c52f18ac8b,7346.267716666667,39.46,65.37
ca6a2a40bf4c60019f012a035867af56,75906e804c33a5987b0c84bf5beb20a1,2026-08-12 22:53:00.441,-41.85,71.99,0,afb65288e85f1b9ab8db5b50195131b7,4812.7717,55.62,70.63
fcd6d7dfeb1be18738e0405067a4a0b4,789368c2e574de479e855ef77f5a50bf,2026-08-12 23:07:37.544,-29.61,39.2,0,a02f6a8f90f0bfab9a8914e8877a4014,1472.533,35.62,39.2
1ccba4508ff673e5617be79fdaabd247,d5b01897a23cb4e734e929d20ce6bf86,2026-08-13 13:05:54.841,-43.9,70.13,0,be86e0e525697d0d7acbcfd0e577f5bd,9696.729233333333,38.62,68.92
547348869197cf1fc29c1f7daf7ca3ab,28058c723483bc0af3f1ccb8149734f1,2026-08-13 15:49:49.042,-39.44,65.43,0,77dc9751b830065dd87f98754038b0ba,17404.964716666665,41.99,65.43
bb0adff48524dc564f3bc870e8ae70c9,997c2ca806ef476d411f45351855dd7b,2026-08-13 17:28:07.492,-34.56,69.09,0,56b98747f28083c3129a13a86eb6d2b7,37553.06635,35.48,67.63
60302b049b49035ebe209f93dbb9f03a,4e87c51194f5aabe04e7d71b6f589b71,2026-08-13 17:58:07.729,-55.62,69.77,0,8f9a07c5f363c3bf7de0b3cfd63e7e89,4710.516233333333,55.62,67.64
d94db87f3116464b28cb5836528f9987,8b9b32ccfd0635620df8e7ed8b06c3b9,2026-08-13 18:16:57.572,-30.62,70.95,0,c5ac006031d8df14a6c9029e3e3e9326,1561.9559000000002,30.62,70.95
bce664d64eebc6873c898a60379c1aa2,339cd0f8f3f5449a097489775c30199a,2026-08-14 00:11:26.258,-45.62,72.15,0,235ad38f3b5805deff22e9d2bffbf87d,6326.0721,45.46,72.15
f20f6675e8e0349e26c263dc3c54362c,7265d31dbc93326cdb10b9f808b13a5d,2026-08-14 07:26:17.005,-15.62,65.13,0,df4476a42329a4beb8c0e5185a6bdd71,10198.324183333334,25.62,65.13
b9e6dde2c5e3992197c192362a418cae,998106d32460441fe4c27018bfa90df4,2026-08-14 08:34:04.821,-30.62,72.09,0,50a8251d00915616a27c1364968f3cfd,4061.637783333333,30.62,70.29
f7834d90833c56c2966431243c12ddd1,4c994cc4fa169c9561c32d6ea684d6b7,2026-08-14 09:24:27.902,-35.62,72.76,0,,,,
554b3ce9c3e0cb263dd6a50f77e59af2,8e77f1c2f5b6a5f2647813d10c4bebec,2026-08-14 14:31:16.769,-45.62,65.61,0,dd701391d315006bbb0b0758f935bf69,4023.7682333333337,45.62,65.18
415a7bff7d62a05904076112240d6ef7,6938c47fc128cf60a7f5d662302344c1,2026-08-14 15:50:34.301,-35.38,69.54,0,56bb436f600b2a20dff2730767baa1aa,11090.0113,15.62,70.76
e26720e9d534b4ade8a08c195f805ee0,aaeda5659ab09ec8b8afd347d495df53,2026-08-15 10:01:26.184,-26.31,72.49,0,1ed8a4d88cf8a6d8f6df143d770ba2f6,11386.303566666667,26.89,70.49
4d5184b0e5464deabff24206b1f58e3a,ecf55d2733b813fab3b6fd929b5a2f10,2026-08-15 10:04:59.645,-35.09,68.96,0,d127214e379f1a28357b1bc8994fcb08,74356.70446666666,29.0,68.64
dc5816554899fdb3ae08e7f5083b5059,7ec5e2f202adf34f4e867d6f01b376cd,2026-08-15 12:08:38.929,-48.94,69.22,0,4818159efe38009cf53dd0659dd7a4e7,8182.6907,47.94,66.7
1ffecd80298df005213e39b6ceeae374,7cdb2867ce74046ca4441b1d14e9ccbf,2026-08-15 13:06:55.310,-28.96,68.54,0,493d6b53624982dda564e071254dca43,9712.55095,28.16,66.54
86fab29963a8fee2caf71b1d8528e2b9,0090a3cc0e55f6dccdc423a6f15905af,2026-08-15 17:45:45.792,-45.62,64.94,0,4219627c86cc2505b53ce49eb12d64a7,10500.9321,25.62,70.66
0da9ecd048de3940d410b32a06c86918,bf6dadd289a069985551f145fdd5844c,2026-08-15 19:12:36.945,-40.65,70.9,0,f66c87bd6da41de572b8127445c08a78,7203.348016666667,35.15,71.0
545a1c1f278aea944fa6f228d4aa1f5a,9bbb03293d1f52cd30f33074327d49aa,2026-08-15 19:26:33.960,-45.62,69.09,0,d563362cb23dda425fb0ad2a89f2a73c,2066.270666666667,35.62,69.22
6992100ec9b9fb87373074b16808dd4c,018b278b532647bfaf37b400288cf938,2026-08-16 05:27:12.438,-17.09,67.09,0,22852014f6c99467557481f966fec761,3365.6828499999997,35.62,67.09
7990825f4b0302ea4475ed0dfc88142b,0df6e853e090440c0c20412ff5035069,2026-08-16 07:19:24.217,-45.31,69.59,0,7c1c0d13a3f0ef28b03615dc0d5aa8e4,11762.044666666667,41.31,69.59
7bf1c50d81fb174230f968bffd5923bd,b586994e74c94131a9de9f651cadeb8c,2026-08-16 10:05:37.278,-35.62,69.49,0,4dbc49cbed447859bfba6ba0a8230a69,9899.257166666668,17.52,71.23
5f85476659c00a534bec3806b3a2687b,720f47f6685b20fbe0350e77d63a3dd0,2026-08-16 13:21:36.746,-46.72,70.51,0,b5d2b1902c7cfd253699f5ff9b830a36,6006.28735,30.15,71.11
78f7fc6a90250ad9fcaba9c8ad753b99,b975cdcb8cbfadb4b7b779ccbaf79b6d,2026-08-16 14:22:51.757,-43.62,71.79,0,fa04b0734e605095725b4d576284897a,51469.06671666667,35.62,72.19
bdc85ae984b7eff6e4e93eb3950b67dc,376edb9004a9f3f3091fd42235480445,2026-08-16 15:03:50.607,-25.07,64.89,0,a76ec9d178d472d662f08522a5873381,38920.59278333333,35.62,64.78
766131769178b52d4e8a51a1e5d1646c,f4a443755605fd9f22a7a7b20216a7e4,2026-08-16 17:40:45.486,-22.62,69.97,0,093b076625c2db7b4f24a063a7669935,64898.26488333334,20.62,74.97
95496d31ed6d29df8c2bf1a7c3fe69f7,1299cddb981f7800435e7a66221e7b92,2026-08-17 06:27:20.428,-35.62,72.05,0,b721987500ad0227816bcd5d511a9244,28816.9722,35.62,72.05
ae6d3bcd86f85c42ee7eb2521579eacd,6f3baae2c310789e69a991c7247428f5,2026-08-17 06:34:22.995,-34.61,68.51,0,e51299c976cb61e178065a6d7152e282,45310.40316666666,25.62,64.25
a4c9dc848160ebfe8b68cd1ad9cb56b7,7265d31dbc93326cdb10b9f808b13a5d,2026-08-17 07:39:17.143,-25.62,64.16,0,df4476a42329a4beb8c0e5185a6bdd71,14531.326483333334,25.62,65.13
c7f802f912ab83e80860bbfeb3a13058,58657e3717db4cb8dda84dc0a1d1f819,2026-08-17 07:44:11.427,-35.62,67.99,0,49b58cc95a6e4d7ccd29fafc0e0cb92c,14413.198,25.62,69.22
54ed544902e0ce4fb9037172ec9a1d6d,8383de384177863db9e9dbde079b0d7c,2026-08-17 13:50:35.387,-35.62,35.9,0,5737050a0f4167d755c760e0af7045b1,280.32501666666667,35.62,71.85
7bce64e0731fedaf962d6d03367b00a8,fc2e52e0bf1ae868602a30c403c1ec4a,2026-08-17 14:34:21.845,-35.02,68.01,0,432670d6abce4462b878facee477742d,5157.818516666666,21.85,67.76
a5a83c06b70b7f0638f675fa6ad7393d,4c5f1d99272a5e47d8cdc690e2094ca7,2026-08-18 04:57:00.601,-30.62,70.27,0,f9d6097b7f93c74ca423f671a10bd65d,22088.275966666664,30.62,68.13
0b86bad72df817d2a2b83ee3774c8f23,aa799af28e10833a4dd567d947d9bf7f,2026-08-18 05:52:50.663,-28.59,71.72,0,346ea651cb948c871ad2b8565e8d1144,4256.42825,35.62,73.73
c426218404d3d42139a700e292937916,e3dd16fd60ca0d68bef84388cbaf3cbe,2026-08-18 07:06:40.885,-21.86,61.54,0,abb249d55d1c85813b158c35867dc330,8347.7374,29.99,61.54
a6bb126ca7d30edb4f33852e0f537492,ecb97d5f8635fa8fb12b90c9688fb5e1,2026-08-18 18:34:07.683,-42.65,70.21,0,7543b3fb3d4fc9e7ed6038a69c520868,3420.9042666666664,25.62,70.04
63072e4134e9e74dc25c9e762e07006f,97cecf1d90d81f16930b79b3774afb88,2026-08-18 19:02:59.137,-34.06,70.27,0,571b579f7fe94df8f8aee53a730a83d4,4123.234483333333,43.91,64.51
438280c385c770d2a4a46271f2c78baf,75cebc43c844827da2735d6095b68d2a,2026-08-18 20:00:32.000,-33.35,70.52,0,734d1c6eb4c0b070d0865ce23a2656cd,7139.085916666667,48.17,70.5
b796b00c4c81883572f35f1c81d4a371,9cda84de7ccbe17f9fdc00e5384d77d1,2026-08-19 04:15:21.008,-27.26,69.09,0,723cf398846c69eb8b4e942ac1ee7aeb,941.9601666666666,27.15,69.64
6870ff5f1ab12d98fc78ac84b09df5b2,4d9a519d0fd96ddbd9a3357f47694ae9,2026-08-19 04:28:36.276,-40.62,68.44,0,d0c126501a1dc7798150eb4c0226e143,5153.393116666667,35.62,68.44
dabf4c1288028aa2bd99e5acff47423a,16b196c5e175ab255ad24e5117d3a3f5,2026-08-19 05:10:42.282,-40.62,69.64,0,83d6593ce3ba7234b8751b2e8d411dcc,41086.522849999994,35.62,67.52
9c6e4d41f85a19fa5d1ff42297aabf0d,5522168245ff20c9e547684ee8b311e2,2026-08-19 07:14:24.158,-40.62,67.59,0,379ede26ebad320d934d523d51510669,12683.050183333335,33.62,67.59
f770477ece09abb467a6eb4c61c56d2b,a1bdf5d85a6c85ebd12bc0d901932796,2026-08-19 11:14:32.347,-45.62,70.85,0,bbb2dc87a1cd00a1473cc2fccac05dd4,7157.4810333333335,25.62,70.85
0198a6b3a9e53fb0de6bd287c629c1bd,95fa87d9c232b59e053467cbcaf80601,2026-08-19 13:14:13.212,-44.45,64.94,0,6fc2980f803f2c83c1d5db45169e8a84,8366.915366666666,49.3,64.89
f1e3eca51b2d58be77cde69f0a909d80,8dcae68efdd6c3b24449a4cdb210dc5f,2026-08-20 01:27:38.944,-45.62,64.51,0,0b42d5b7d65915c48dde540d8116002e,22371.3527,6.64,80.75
2adf4d05c3becce7f58f9f76210312bd,8d8121711208c2cdfbff668231f50247,2026-08-20 01:27:49.268,-45.37,70.27,0,b66a75cbf8ea584a220121c5b8f8d444,19191.2448,39.05,72.27
f02eb83b959690fa1380ebf85942b2bb,a7036ca072bc4844880654760825eac5,2026-08-20 04:43:09.356,-34.79,69.85,0,efe2a39510943ad7fa13a06ce2b3064b,4956.2988000000005,47.41,72.42
0dcbe24dc6ff5664ae9b136438699552,4754d7518eeeef7c4ef730781757607a,2026-08-20 05:36:44.791,-35.32,63.98,0,9aab95ff56b428a43a8be399ceeba46b,15084.5268,30.62,63.98
d6aca36094dde68d0f8dbb1ab0383cce,dd216495663925322af42af142c8800d,2026-08-20 06:00:37.701,-25.62,66.96,0,ab73ca2388c94023e6c30ead2849ea5d,8768.78795,25.62,68.96
f6ca4d2b311857e149b7de2e90aa4f04,556c0ccaa96e7d7ddbc0e9933c6c1647,2026-08-20 06:04:39.243,-35.62,64.65,0,ee8e8399aeb74ecd323cb381b434c9de,4325.840200000001,27.25,69.34
2af0459519cbe23f59cb06a788c75223,37f544cbcff79f353cb33a02e1b06e5f,2026-08-20 09:43:24.490,-30.62,66.36,0,d1f18817e1eebe816108f03bf54e0973,5675.3794333333335,30.62,66.36
e23d783a899239f9fde34bc34c5116ac,15c27a40ea9035579c14f00d15a55cdd,2026-08-20 09:58:07.247,-29.8,62.08,0,8c8da029b3c94afe8618efe26d044e11,3924.6891333333333,21.38,61.46
7bcc72b8d2b54911c9da304a986cbacd,b97da86fde41afba92c7ff0860be5688,2026-08-20 10:58:35.925,-39.58,66.54,0,83d0f75f51945ede4bc03ec3e7a8e04e,7147.690366666667,35.62,67.54
5d8989f7320f22c15e0ce69220b8c96e,83d04103c269066ef4742c6d0cf95781,2026-08-20 11:20:29.403,-36.31,65.17,0,756e0a70d93637d075803350d19e6397,2563.5537666666664,36.66,64.43
b7689e6bfc823429f4c79e5924bdeccf,f4d85b9a5143f37a5f35ed98962ff935,2026-08-20 13:14:40.958,-45.62,72.27,0,8b5e9da15f3ff0ec756e8a570f35ff8d,2646.220083333333,45.62,72.63
7ce45316a244d6822711f6fd06d7c425,153f4d67ced39e51982b3b1242f74123,2026-08-20 16:06:54.267,-45.56,69.77,0,33d6a737aac2927eab962e83986e85fc,8621.938,51.11,69.77
68c029a70f9e9781a04a82b1afb9d441,3e3af86d7afc458baa970deab226e1ac,2026-08-20 17:27:23.540,-26.62,37.5,0,109376ef5a63140640e874a2faf2692f,301.11486666666667,19.99,38.9
239e2db0e9b78d59a98121c3e89ae87a,d1cd9454501c769cf37554c484e0608e,2026-08-20 18:44:29.781,-35.62,67.09,0,b10dd0898bfd414bc924829dd96824e1,328.36783333333335,33.62,67.22
ae10eacd93010313166fb817bb6f3f5a,de0e5ee4289c4fadf021f3cadd7ffbe0,2026-08-20 20:05:05.129,-45.62,72.21,0,a9a6f47dd95de9e1616e8ad22590f073,30421.08745,39.19,70.21
55e5c728084a6a53353b1b4e9f1bd912,ca6d692c17e7c04b5fa9922bb004fe5f,2026-08-20 23:21:30.881,-25.62,67.42,0,b3c9f3b93140174f6d47ad5378a74d97,5643.670116666666,35.62,67.42
ffaae22676076a7741c796a01596a7dc,e50a0779a3a2b0b455a5eec62c966996,2026-08-21 06:09:13.765,-38.62,70.99,0,870c34c546d99ff121de887ca4a90a86,4033.6857,38.62,68.51
bb2ebaf720cffefcaebedd9a4c766b8c,17725c58455aeb130d0e1b6f68e0d1e4,2026-08-21 08:40:11.277,-33.67,70.09,0,fe9d9f356f88e6674689bb6db7ec5eee,1460.8673999999999,33.09,105.0
708867865ace593a5ca75b0d14d5a106,e7b4b233f03fdd63f931992aec15593e,2026-08-21 11:55:45.147,-45.62,66.96,0,8bcb20a6f4e04ac4425557beef7e26aa,80725.63498333334,9.62,65.6
961daa42d689f041fde257b0f137077f,e07d496aa8995f3d2736a987c181910f,2026-08-21 15:02:34.156,-38.06,70.9,0,0155d13f560bcf52152255b05f01bfaa,1620.90925,39.11,70.9
f440dbc1b7517eef44f8278c047df314,a624dbb666afc9d4d9348d060da0c104,2026-08-21 15:09:47.978,-25.62,65.86,0,852e3b104523c6a74d949a6d1d90a823,12126.18265,40.62,67.26
953c666ed9d777fb4aa294ac367dd802,8663792134a8b43dcb33cae0f00c4847,2026-08-21 15:41:15.810,-43.64,65.74,0,1a0772bd6486082f6d6f60861e1bcae2,7016.58745,43.02,65.5
a73b98475f608cc04c52adb6aebf118b,a652e7b379e2e4b4b88b4c4496d18bd7,2026-08-21 17:05:46.707,-47.95,70.9,0,2251542ab21ae1c6043823bdc087020c,2107.7962333333335,30.35,80.93
746a1da501284401a11fd0afc39415c0,ac3dcc4263d855a446b3a7db5bffa340,2026-08-21 18:28:59.284,-45.62,66.1,0,c2bd75b5fb181e891f030fc5e065179d,580.9824833333333,25.62,65.59
842c5094405d38039e9a77cf1904155a,55d4c0cffc04362bb0e0c92f7774ad11,2026-08-21 19:14:48.052,-27.38,68.92,0,42cf12d9259198ebf656ff1bbce3dcf6,19195.970016666666,34.63,68.92
035ce8e8ba873e320734f13c6084885e,019ea8048861f13e097acc60f7bb94fb,2026-08-21 20:46:39.120,-35.62,71.6,0,306f81198d9491c636a9ef8627f92b1c,4533.82055,35.62,70.9
e498e1a3c546490f68e1d83c77fd1518,16379a75a461a13faf0745ce68d3a3cc,2026-08-21 22:22:45.111,-30.65,68.99,0,025db0437a20a46351a1f466d29613df,10229.55025,30.49,70.4
6c33f05622a3bdb2800e0dca9b0a1ffd,d5d7dd3f6d0fc5a0976919807d446fe4,2026-08-22 01:50:28.888,-21.75,69.09,0,9ff09ded1ad4deb3c87ff5308f221b6b,6548.5792833333335,22.65,69.59
42f6853c36e0303eecde6b6aec3f3a11,05d6cad9e3c907cfa5de2a772df77ce7,2026-08-22 10:37:24.958,-29.02,69.42,0,c37c058e1416283a176e6285f2fceaea,27495.148933333334,30.62,72.27
4f0cf551bd8eabad66391da30bf7cf62,85c9f462400de4f2da0d9f0f5bab4b75,2026-08-22 10:58:44.494,-30.62,65.13,0,bd262a583ed186672d0e607b1345c890,4021.4172333333336,35.62,68.51
ba0f245f9e965e6eb2f157994b90be02,65abdf16470d14ad0db048eebdb9d840,2026-08-22 12:23:15.777,-29.59,70.82,0,4077ad4ff85dcd95213374443c76fc8b,8736.801183333333,27.89,70.82
c28ff825842054db3c76fc4204e9aeb9,e1a0cf5d4043e59522268e245d0c9f5a,2026-08-22 13:16:12.396,-35.62,67.09,0,32dd14ab42be4a346b651a263c049fd5,1234.8293166666667,30.62,66.96
e4c3a9851992819748a102d4b4c025e2,9a0cca4c94e9fa55dd8502b3f817795c,2026-08-22 17:33:15.931,-54.99,70.9,0,9a98ec0be5df826a54296316f79a1f4f,10126.508266666668,38.2,70.9
f7b9902e2bee1b9b05c66449a0fb2478,1905a248bae3b140e72a5bf7646e141a,2026-08-22 18:59:42.107,-28.04,67.42,0,ee4e196add95d72f40f091feb55b8e63,1362.83855,29.61,70.09
e0f5b51cf2dbd569ce12dc0a9ee69ae4,fe610e7df26f1888e00603352f1483eb,2026-08-22 20:10:43.060,-35.62,67.59,0,ae856a351372a6d3d491e5eea9cd2697,13230.100816666667,32.18,67.59
1600d235e677bfa8528764f452f0fb20,8a961cd46044525c6581a269c7531e0a,2026-08-23 01:04:03.586,-40.29,72.1,0,6db6dc02bddb5f5b280f8ea334e9d5e3,17117.478766666667,50.06,65.25
76f5f9e93776f1f79a78640302468733,fa167a20200f0f4ba0bd2710834834c5,2026-08-23 02:25:01.862,-25.62,69.09,0,a54eff5ac0e0611b5b922e1550c707e5,212657.05136666668,35.62,66.66
94cc0d66f7aab8c7059b2b9e0a7c7ab0,4acaf55ebe7902f60b0e34b304f0890c,2026-08-23 04:11:50.679,-45.62,66.96,0,c8bcc7a2174ce7ac4e049f30bf24424c,4889.113899999999,45.62,67.77
aecf0ed921373d872012ad772a57a63c,6fe599af054e31e425e76425a5724be4,2026-08-23 12:56:27.908,-15.62,66.55,0,fa0ec7fdb71f2f2f16ca787c7c1ec2f6,4372.949250000001,35.62,66.55
64bf4344e080d40091380083f3803ca4,847b9795887881e55823548ac620e916,2026-08-23 23:02:50.942,-35.62,68.96,0,c6452976e8be6463a2c2269d66c04f99,79201.303,37.34,66.95
03f4d32af740320c33f385c80856aaf1,420a2399105b17b63328a1183cf88bf5,2026-08-24 08:09:47.415,-75.62,35.5,0,ee60cd2e6a44a874a58c30ebcd4d6883,303.89611666666667,6.62,209.25
c9c64689f1718b7cb72dcb1bcbaedfac,5aed4e93bef786cd4558c42e13094e5c,2026-08-24 09:31:10.387,-45.62,72.07,0,a31ee6137bc99cc613485ac3e2aeff46,12662.332683333334,50.62,72.07
49fb0861f097f493fc2c029807c99a36,72be5067e35319fd14a36ed03f49d2ac,2026-08-24 09:50:22.493,-20.62,67.2,0,ab7179e51ec7bca3dd9ab1f09cff67db,179609.43711666667,30.62,66.2
6f99bd4c739c7d9fa8e75d4575d4904d,07feeb84af64e85cafb876c75d0689d2,2026-08-24 11:19:53.992,-33.53,70.92,0,8fa2d48f54586f7f7d83e159f7d81f09,11855.3451,33.78,70.92
6fcf943923497e7dc166e1ca2d0a8c3a,2b5c73736c4690fc72dd43e70874bdb6,2026-08-24 12:26:05.550,-45.61,70.71,0,a5ebd184a5bb87daf70278ebb8f2b5db,69212.77433333333,35.62,70.27
832cf5e0f2ad19e37f8a8bc1cdefe7ce,35c60d9c6fa6bde88bedbcc3b6bdeba8,2026-08-24 13:15:23.235,-33.53,65.43,0,4ede5941a73ef3c2c7eb201ff566d161,25621.19078333333,42.54,72.66
0041bde57e9452cc071ebb09c0c7957b,a0dab96e59d2ab9fbaa2e88a6d0d7ff8,2026-08-24 15:12:03.341,-42.31,71.17,0,61503057f49d5cb6b044f0e8de634101,21531.740866666667,55.62,73.17
c1e85aba5c21c0e04bde3c8bf27e5582,fedf555310bb2b796b756ee42e160887,2026-08-24 17:04:17.043,-35.62,63.61,0,6ed423f2da18d32b1a018580ddefe165,10093.600050000001,45.62,71.07
6aac768b1f629537f1e8064a454a5368,f6fcf054cf2f103a492c751f966c625e,2026-08-24 23:41:27.380,-35.51,72.82,0,792894921c300c47711806d6359dd6f7,28831.146783333334,52.42,72.82
29fcd3e62a58c22271723300140df8b5,4295494d117e84932fa0a721d6a2dfca,2026-08-25 01:28:23.691,-30.62,72.71,0,82ae8593deca467a3dba58d86a4e36aa,5932.0180666666665,40.62,72.63
78509aef1c658ef7819eda8c958ccab6,11dc3897847caeac1b8e36dbaab9cf16,2026-08-25 13:42:23.541,-35.62,72.63,0,5ea29fdedf380dae875d3360e433cede,5098.585933333334,19.69,72.63
89329fa404d9906781eac12e474e1c65,7d3e5b1add95121d8e5f38b5a285af80,2026-08-25 17:24:26.076,-33.88,67.77,0,c6d1e69baf4d28451350dbd0dbe16da2,4403.004683333334,45.62,69.77
8388fdeb1542bd4fd2f04635a62babcc,9debfcca50480a5b7b8752f1848a7028,2026-08-25 21:54:43.742,-29.09,71.45,0,99eb550a8d47483eccbd1fc3dc7cb0a9,4411.627766666667,25.7,71.45
7a0732458b8025734f8ef47d304e733a,23ed5fdb9f8eeaf4f5ebb24416cc80cc,2026-08-26 04:27:38.660,-43.74,69.64,0,c8e7feab9bae7a1eb23e962524778082,3710.639616666667,9.96,92.0
d13aab65932eb145e67e08fcb1ad9253,71a3589ad2cbebbf8222dec4b3ca03c8,2026-08-26 04:35:37.680,-35.62,62.05,0,937078c59686185ca42bf1edfef69106,17284.843933333334,35.62,67.54
0bc92e4b1d6bc2bb285cd369ced41aef,7f8545c1224d0ae03ed607b42db4cde5,2026-08-26 09:20:08.391,-30.23,69.09,0,47b2d19cef8ab65c2b7c4488b811788c,2992.9868500000002,19.9,69.58
081c06772ac073dfc908eb3708d30ad0,3e4e1375b1a510f2981206bf6fb22840,2026-08-26 14:04:37.180,-36.23,67.77,0,3edcd2b87e9e21e98d410e2b1da1fc66,6884.8634833333335,36.53,91.38
5546416cb8973f60d17c1a8b91495439,3a2a3dca617e00b1e70e55f5556a6773,2026-08-26 15:04:49.250,-35.62,70.92,0,9c4a6d71b959d79fb359771c3babb951,4562.7386166666665,35.62,70.92
57d6cb782671b2762afcb07a0d7408a7,82c57975100f3e6c499d9686d6db9a91,2026-08-26 17:12:42.200,-39.24,67.59,0,714a1ee87258f3b860ef8ae8a0e90fe1,7529.064899999999,15.62,84.9
dd3627c77a00bb5bcadb6f60960aac1a,c2a3687543953f6696d25f8ad3c5011a,2026-08-26 18:32:22.371,-34.83,69.72,0,400f260d937ae0beab48367adc6d4ab9,46992.67085,33.13,70.27
d2e7d90b88d03fc504984dc91bfaa873,2a47e295b5496f6f4baf1529482d20ed,2026-08-26 19:21:07.903,-40.14,65.18,0,47c6e583f6057ad09e49984cabfd6f96,47550.77205,25.62,64.08
1d84271e2e975156a4cce97dc726ffa6,2946fac0710dc3ab9563b44af81201b1,2026-08-27 06:22:58.077,-35.15,70.15,0,d311df87b4d097d216221d102587b2c1,14945.713233333334,35.8,70.15
80d15cadc3f3b6df3bcb5b5dd5bdc35d,ae44b32bbf9d99a70fd0f1da550c35ce,2026-08-27 09:25:54.234,-45.62,67.09,0,cd3f40a432036f920668496f620c8873,1248.7412166666666,10.62,75.9
69bb671c93c591e3b18637c1c609e35e,9cd32bb03c89da05b230c2a09386b21f,2026-08-27 14:41:26.723,-41.81,63.05,0,2709e0ba59df300a11201ac1f1ce3794,1472.4288833333333,52.52,63.05
3ad85d40af97bee701c5cb9a2900f589,a723edc08a1a92a73e381341990b5b72,2026-08-27 16:04:01.030,-44.36,72.27,0,7a5eb0b1e398afc982753b2095383ea7,7407.899833333333,45.47,70.27
f7e2ba91b94e1ce56f38c4c4de9a1ce9,1d2fc9bf86e45a6a59002e60986f6b56,2026-08-27 18:24:12.415,-45.62,70.21,0,1e12a0305bfb96d046359a9c9bf82685,3.3168,35.62,70.21
5a211d6033c75537e75708c695d5347a,a9f75e2ff920ce95c31424491d79ded4,2026-08-27 21:52:45.666,-39.91,70.27,0,c87417f315cfb007dec9eac97f4905cd,164.39615,38.02,64.59
6bc612258154d49124441195abb048aa,ecd855b5d8ad4afe4f09a98932e4e635,2026-08-28 09:51:13.733,-28.54,72.71,0,c14e718350c78bf95b2e2a30ef66138a,2291.4874166666664,38.39,72.71
0af15a9bec298e494b61af78c6f37297,849d46d8134591bda444b23586a09635,2026-08-28 11:06:32.022,-45.62,61.55,0,533dd98b42f4548d9214bf7d89a8eda7,12651.529100000002,35.62,61.55
ecdbf2dbd6757a1904eea4c956b55dcc,fc0a53d4a7a616482d860aaa67d0a9c8,2026-08-28 11:38:08.538,-17.04,39.2,0,230ea2c3e0d6e92794fd0dfd717c8115,1433.7185333333332,35.62,39.2
b89fb165494563f93dd72aa7d8a06385,8e55b1ea7b89756bd37f51e8112a177f,2026-08-28 16:07:19.720,-34.65,70.37,0,95194e30d268071acbbe98d8f783d976,17519.66218333333,18.38,70.44
2a18b4cfe4ccf2e9d730aaba85d0ccbc,a8c682c509b146f1cef55256e593bf2a,2026-08-28 19:08:26.524,-45.62,72.27,0,94e3537e0aa66d8040c53873a0403125,693.4814333333333,45.62,72.39
433a7a80f8313c88ca65915c5d71454c,f77f1f9cfeba4c618ad8562200747104,2026-08-28 19:30:58.445,-45.62,70.75,0,2620e5a4c3e93f38e54e879abd5e0555,3058.8963166666667,48.79,69.5
d55e607977961ab7dc1e849c2bb5d30b,80e93d864e704094be6dcf8ed574191e,2026-08-29 01:36:54.362,-23.56,71.91,0,e595752e6beed6ba30b324b69f069a43,683.6785166666667,31.07,74.42
5e9dd697971ff3f56f55d5d67829dfa0,c2c20b6bc8a401775a73d163746a2fa0,2026-08-29 07:42:16.948,-35.62,69.77,0,2ccfb723ec4e53f744071f3ee1f1dd9d,8896.927066666665,26.43,69.22
dc024e14ed26f186c0f64dff063871fc,f10ad2324aab0b6d507750f22c5c736b,2026-08-29 10:46:28.901,-39.68,67.04,0,b3c21bf6732336e9e738a9059ba05a33,10196.02685,40.31,67.04
f92338fc04fe99cec353f0c4c87c9445,8d2ff8bc171477968b847dc1e0bf9e28,2026-08-29 22:04:56.542,-33.79,70.97,0,a87ef0fe9246e366052ba3e7d692a204,3927.50285,33.79,70.97
7aa51273d9012de13d25d331e5045f58,a920176e01eb21d685f6c24eed3830e1,2026-08-29 23:04:25.885,-35.62,70.47,0,ea7bf7c6f686b8e181e9fcec0c332ba0,29597.216949999998,25.62,71.91
b92656b19cfdc082f7af547d2648b47c,05c55208d0bf3b96997762a0f3750c7c,2026-08-29 23:19:39.224,-45.62,67.04,0,56bc2fe41e99952d364eb02cbbf10719,16.002116666666666,44.61,61.55
7fb76a6b14bf1215c2c104c9769bc561,64b8202e032e062bb71c48f8191cd3d2,2026-08-30 12:49:53.474,-35.22,70.92,0,6a1de6f65f7cde65485268686bf052a0,7505.69455,30.38,71.2
b489cdbdf174aa922577e31e16934958,af4356adccd772795a100ad1f507a19f,2026-08-30 15:34:15.002,-32.44,72.54,0,a24e92d9d8749df1bfb4567ab6bd8962,7677.67985,23.31,72.54
013a0cb39f401e26125c934c13d4b922,093cf74d7fee23e56b4abd3c49834fe8,2026-08-30 16:34:34.682,-30.3,72.92,0,1d157423711af67ebf597a001a5e2f5b,10185.711416666667,29.65,72.82
4bded66d3e5b174318668d1c800f4603,9a7b78bba29f1476ade3d6a020964d3c,2026-08-30 17:45:48.838,-45.62,69.3,0,804bd94f9b95ed580ff2298704200a91,23421.766116666666,44.78,63.84
92cedc14a6d43bc84ae7229e31a8a271,5b1b665b26dc54d29b615bb162050e20,2026-08-30 20:12:17.881,-25.62,70.18,0,eb4f203001f58a9421bf436092051812,2.5865666666666667,25.62,65.35
f5d8aac9baea49118de53dea95a2f42f,a2383c6d4316836dc2c0bd8b30ff3501,2026-08-30 20:23:51.373,-45.62,69.91,0,bfacbfb2b6081b9fe5c8d8ad8b953304,56415.48653333333,35.62,64.05
6f468f4841560c7d3491185a852e0f01,e696658b97ca3e1e3a77714e0d9b296e,2026-08-30 21:10:51.119,-44.93,71.68,0,4f9a4005c0952858a7209654fcb5a176,12078.032733333333,35.62,73.68
ac88e21cae7cfaef0e1dddd992687255,a13f1b3fd9c75d49b4d879d6f3660358,2026-08-31 06:47:44.241,-25.63,69.59,0,941715ee8e409f8d6bce77183733d11e,7203.9577500000005,24.14,69.59
239c0d06228a72afe7f1082bfe0f69fc,f441180c3287f40bdb45f81c76d2c203,2026-08-31 07:06:24.025,-35.62,70.21,0,5d5ec0d2aa0ab81cc087654145a67438,8639.134683333334,45.62,70.21
6620790c70fb707e2b1a6e6804c1d832,49a05bcfc32f59aa8d6c20605ead5afd,2026-08-31 07:47:07.898,-31.45,64.08,0,714823ba677c267e9ade2750394b7b27,5749.122383333333,40.62,64.08
96a0336064f7eb9eeecde79df7d784df,e069ec4191573f383c00b77944931b42,2026-08-31 08:44:41.561,-31.0,69.99,0,a92ae013fde0997a4aa76afa64d8affa,25819.47735,10.93,97.99
30f0dbd00a5973fdac52d0dd55bf681f,370f27059f94a1bb8be68ed87ca3d4ac,2026-08-31 09:55:41.379,-40.09,72.52,0,0ff38c84cffc947fe99ada55595a2e88,6933.043083333334,20.79,72.52
7856f0e4c3c1d39bc0b56751ae50e5a7,964604df2d4f165c72eba00fceef97d7,2026-08-31 10:50:21.199,-41.62,71.72,0,660291fb6fe6f0ef03561423e710322f,7209.76815,40.62,71.72
67345c5c4d56971c77a9373e331f328d,87cbc1d05b20ad5340f1ceb1c2a65d07,2026-08-31 13:43:38.689,-45.62,67.59,0,d8c532da2a0029d384a98798aedcd766,5200.205866666667,26.48,67.59
6b853168b96516407dd6fb6efefc2a73,56d577d3434d4c4e1fe466995082f863,2026-08-31 14:13:37.711,-30.62,70.34,0,e2eea1724aa06d631b8846e4ab671401,14589.614783333333,25.62,70.34
7d229983c7d8731500c880772c7191f9,ba496d784af87b28e46069a2b7427223,2026-08-31 15:00:59.907,-28.12,64.94,0,6933b0b952cd6e6a3f36734b54b8dd2f,9724.3295,35.51,65.32
0e753622b213c3c87ad0e9168e06b341,ded83da9924e72015791de6489b5a86a,2026-09-01 00:19:20.760,-45.62,68.51,3,1bc66ca227a3a5482d5817213849ba20,2.0584000000000002,45.62,68.51
8e4d8d584a625fc1f8eec72dbb059555,09c7cbe2a814c4488812a6a3e623ad50,2026-09-01 03:09:00.007,-45.62,61.05,0,ec2edde936fad7e4ca61a73ab53b6321,18596.9639,25.62,61.05
7a648014c8d2062e53657ffabd0cb167,cbaf976606c1438620a3e20810436840,2026-09-01 06:25:50.498,-15.62,69.64,0,35f6affad121ac25710bb02c1f2f3ceb,1071.53035,33.36,69.0
6213d0e1699d644c325d321f74f1bec2,2ffd5da4cef2fca91e6270b87bdc7eef,2026-09-01 09:16:24.812,-27.81,67.59,0,0b10fe736ce6f00480f5e202c30d1bdf,5556.217966666666,38.16,67.59
33051e71f35821e3e71667b6781e74e1,48a79b58226825d5c6bd02a3b705763b,2026-09-01 11:45:33.841,-55.62,69.79,0,af09b5ffffe9028d6b92871a38d54caa,40381.87,55.62,69.89
db732adae48481d8bbea2ae5f73238d6,4d031744bb03bdd141810dacbd04af0d,2026-09-01 12:07:32.522,-37.37,63.0,0,291abd3ad29bb208ad1af84f98331b01,9948.1209,45.62,63.0
41c53a7a16f3c17ae0e46b5f496c741d,20c2fbb00cada832eec4f1811ad2b3e7,2026-09-01 15:49:34.917,-45.62,29.9,0,871b81037f900334393310981a1dc4cc,7835.565066666666,45.62,29.9
c6eb0467766085b4d72b7de24373ac60,4fa3d2c31a9a40f794b593c244fe75ac,2026-09-01 21:25:18.454,-39.93,67.22,0,630f88bc652021e4c9def205ec29ec94,101116.5892,44.77,66.41
44d1c3ecf06b7c66d2c4d59bc9c974ab,bec7b30fdb6a04776f226d7e770f3627,2026-09-01 23:58:30.583,-45.48,71.99,0,948c47b283b932a72a70c5a756c0ff37,11973.491199999999,38.23,68.07
c2ba90ba55f04510a17a6bbdab2b4244,6fd2925f5fdf5a11f25d6ed90ed87c45,2026-09-02 08:25:35.651,-35.62,64.03,0,005d180f83456471909e06ff7227c812,43043.71248333333,24.5,64.03
e1b6ecb8bc19fa75192306ce25232a61,9b5309bf9c699bd9f17902359a440274,2026-09-02 08:41:13.751,-35.62,68.92,0,a466e1ec74c01c5aae4363cb51bd1ab4,5257.460216666667,36.54,67.42
304659b99409595afe9b4b3aebe3cc9a,ab9ff8807e5b4aaf9efbbf31991b12b7,2026-09-02 10:08:56.490,-28.52,65.49,0,3bb651efc5c2407c83f9f1a7d832c01e,31644.4748,31.7,65.18
be03e92ab8139506c1b4876243105cbb,fec41f5d487af443ee6eff29ecba1741,2026-09-02 11:04:08.179,-38.62,68.2,0,11590a5f980d42d1c2e213fccb456b6c,27383.629433333335,14.62,64.94
ae5817cdbc09648f877d88e9585091bc,5b6ee619a9d5c8ded5a531cb2a1c7ab8,2026-09-02 12:44:05.016,-46.92,65.5,0,54e2b5dde06dc945b971b60d6a357b60,9377.9208,45.62,70.58
2b4d26f7319b6e8b5c4f900cd1c53e2e,ea67a89ee011bdd88380419b652ec5ec,2026-09-02 20:15:13.720,-45.62,68.92,0,6c635087baab463161973dea61831c3b,8948.665866666668,12.62,62.44
4b18ee32b6e22078dce9793fbd5cdae1,d0b0e0c659a432008c61cfd8143ee659,2026-09-02 21:43:19.774,-37.15,67.77,0,cacde7f5fb1b4171f42df49e41772241,14288.5263,35.56,66.96
4bda3d2e263cb58674ae3f58850ab9d3,f701e8b7358bd10154e38d837b8cf821,2026-09-03 07:55:03.145,-40.62,64.7,0,748c9504c30df1761c3796a5ec75667e,18232.718050000003,55.62,86.99
f9e4af7b3fc1ab5cc504b2ce4ad1142f,5d4ce3c2e1a152b61da2fb0957482f0f,2026-09-03 10:25:06.229,-45.62,65.17,0,d6c8da93a2780495d87ea147f1535fb0,97931.46708333334,35.62,64.62
239719cf23e7d7cdb1830d17a964b525,d65a9bc4ec52ae5454c611d81128bbf3,2026-09-03 15:44:20.103,-28.63,71.97,0,2b46ca5226537602a076f990781ec8f6,2577.77875,22.85,72.87
aec38d6e4f01cfb5bb961d732d53a830,badd0ecec5f869d1a2967256cf43cd68,2026-09-03 16:03:43.950,-45.62,38.24,0,2bf2549b6ffc1796bc7b1e0abccf0989,148337.47988333332,18.96,75.06
9fade2776177009f1b4178531fdbf0c0,ed54d440cc4a723f08c65c8bbe8da0ae,2026-09-03 17:29:21.932,-14.01,71.88,0,4524cbc9082d8dfe66c076dfec08b187,675.7491666666666,19.53,71.85
1774bb9d119869b3cc67ba25c31a553b,b022644eb300a7d10248e185f4563192,2026-09-03 18:05:58.946,-40.62,70.47,0,33e9bdbff790f3efb70b7ca0a9c9281a,9088.772366666666,25.62,70.47
e27cd65f3d7f54c7220b75bf3ea3d0f0,617a6e9a5cb2467444af48e383acac57,2026-09-03 18:14:04.004,-45.62,64.51,2,c8c187818f62a69f2a25b8d1dc506ac2,7.378516666666667,45.62,64.51
c152afebfdaae434fb25c0448627329b,19edc7ea2ede732ef8d7e3d1b2631255,2026-09-03 18:27:45.425,-18.27,69.59,0,e5f79f4370f705d502761183a9c97dad,2876.8534833333333,23.69,69.59
bcbac99f57fb232cd67f9aafecef15b2,c240ecfbcf922bf7d8ee79f4566b577a,2026-09-03 22:12:36.348,-25.62,67.71,0,e1effa7d778880134c06bb44f469cd78,3602.9807833333334,45.62,68.01
c4c127d7800b3e619cd68e11d94091c7,c5c57464c2777fb8784a848538783b90,2026-09-03 22:15:27.899,-42.68,72.04,0,be20acd479bc3fb2167e00324078c61f,8362.57675,25.62,68.09
985fdf51771780e559dc93e7718bbbe0,83d04103c269066ef4742c6d0cf95781,2026-09-04 09:59:13.979,-20.92,65.37,0,d39280c06145c732637396de4e3de189,2947.3765333333336,45.62,65.18
